Worker ID,CustomerID1,CustomerID1Rating,CustomerID2,CustomerID2Rating,CustomerID3,CustomerID3Rating,CustomerID4,CustomerID4Rating,CustomerID5,CustomerID5Rating
7387135330,727,2.42,745,4.08,363,1.14,159,4.32,384,1.94
9411704101,137,2.61,812,1.68,337,2.46,628,2.40,631,2.32
9577807763,168,4.01,635,1.64,312,4.29,794,1.94,543,3.62
8046615548,934,3.87,383,4.05,908,1.38,368,2.21,517,1.13
9617729727,145,2.56,337,4.52,42,4.97,131,2.27,989,2.43
7008764809,774,4.26,975,1.53,648,1.36,110,2.63,240,1.78
9109307539,267,2.65,113,3.21,902,3.89,490,3.63,396,3.98
9422674920,252,1.24,20,4.47,202,3.22,11,4.05,980,3.12
8215619343,581,1.40,125,1.10,268,2.87,321,2.62,222,4.86
9140530301,342,4.27,448,4.45,563,2.92,796,4.01,777,3.41
9084798992,988,2.73,423,2.74,317,3.64,472,4.75,668,2.56
7632546204,283,2.22,973,4.96,658,3.25,792,1.28,906,2.32
9993635874,38,1.34,643,1.70,142,1.06,588,2.26,778,1.11
8900841017,774,4.04,831,2.99,885,1.09,624,2.62,620,2.61
9666092769,286,3.69,841,4.00,281,4.46,108,4.83,523,4.84
8852117479,352,1.62,768,3.75,943,1.76,894,4.39,960,2.32
9646451445,645,4.36,492,3.95,142,4.16,887,1.16,425,1.71
8891874804,457,1.15,107,2.16,74,1.84,69,3.28,605,4.01
9705612255,535,1.13,440,3.21,277,1.78,52,3.27,185,4.58
8157833524,95,2.65,414,3.03,307,3.42,376,4.73,488,2.54
9594040647,184,2.40,516,4.42,160,1.82,525,4.61,798,3.14
8501150642,939,3.82,717,2.41,461,4.24,817,3.46,472,3.94
9112053173,146,4.84,614,3.71,924,2.48,599,4.52,855,1.39
8743478947,426,1.04,184,2.26,360,4.83,230,3.78,480,1.88
9470498192,943,4.69,225,2.02,514,2.11,27,1.92,90,3.26
9601873444,647,4.15,913,4.28,222,2.44,950,4.41,330,4.78
7416004687,748,1.65,848,3.89,823,1.39,387,1.66,726,2.25
9731515672,878,1.46,800,1.71,248,1.63,830,1.31,936,3.84
8940355789,213,3.07,235,2.76,718,2.68,885,2.84,873,1.90
9572378094,143,2.52,443,4.96,160,3.17,203,2.04,727,1.64
7176258599,854,2.86,87,3.97,250,3.31,325,2.07,10,2.71
9169423039,516,1.27,711,4.97,896,4.25,971,1.37,839,2.08
9660176900,900,1.70,747,2.30,16,4.10,721,1.70,614,4.86
9937075660,812,4.59,911,2.41,660,2.15,142,3.05,145,2.66
7141203737,134,4.95,380,2.41,349,4.84,919,3.99,110,4.52
9589988126,887,1.40,433,2.67,310,4.03,959,4.09,200,2.27
7382709622,63,2.19,332,3.14,960,2.34,611,4.72,603,2.51
7754844718,13,1.36,404,3.32,382,3.79,351,4.55,13,1.71
7509591155,705,1.24,690,1.63,730,4.19,365,1.55,333,3.31
7173399007,721,1.45,154,4.19,118,4.93,459,4.11,870,1.23
8977808422,367,4.46,535,1.04,557,2.88,610,4.52,362,3.30
8400577040,49,3.84,193,4.47,521,1.77,936,4.95,570,2.53
7421094974,79,3.23,999,3.78,596,3.28,65,1.06,798,1.10
8920380910,324,1.01,67,1.24,822,4.57,65,1.89,97,1.39
8393348239,743,4.52,90,3.52,726,3.39,737,3.11,769,3.19
7907294784,543,4.59,615,1.96,730,2.86,951,2.26,153,3.15
7150701438,654,3.31,116,2.15,804,4.08,463,4.30,415,3.29
8265628978,875,1.86,132,4.52,477,1.67,782,2.50,3,3.44
8217559757,756,3.27,730,4.95,127,1.32,943,1.57,437,1.37
9042282813,35,3.79,455,3.65,27,1.42,564,1.46,740,1.76
7766693436,908,3.59,821,3.11,508,1.79,340,3.32,96,4.89
8676876043,104,3.42,219,3.14,716,3.78,901,2.07,470,1.06
9111867786,466,1.72,903,3.16,589,3.61,833,3.54,106,1.39
9528163346,887,2.15,411,1.38,269,1.14,50,1.25,848,2.64
8656491224,679,4.42,271,2.05,271,2.59,957,4.72,589,3.59
8356789757,16,4.05,855,1.97,384,2.31,947,2.83,126,2.89
8090355596,788,2.62,871,4.03,696,4.64,152,4.80,74,1.91
9061136253,845,4.14,479,4.33,31,1.34,945,3.83,98,1.55
9008670358,177,3.52,753,2.32,797,2.63,719,1.87,575,2.53
7696838215,664,2.36,17,4.66,184,2.79,682,2.58,384,3.51
7409883989,638,3.88,"1,000",4.99,262,3.73,322,2.21,933,2.33
8312567851,814,4.11,333,4.07,964,2.37,946,3.85,33,3.04
8380872210,629,1.20,246,2.49,674,2.04,201,2.99,924,2.30
9574106423,155,1.37,683,3.52,78,3.25,351,1.66,756,2.38
9462823895,358,1.82,233,1.95,746,2.29,530,3.98,138,1.44
9829146540,694,4.51,42,2.67,974,1.54,374,2.37,33,3.11
8096850545,698,4.47,384,3.03,767,4.54,743,3.56,257,3.00
9122289260,328,3.56,106,2.01,389,2.80,638,3.37,881,2.86
8699026420,220,3.64,29,4.52,861,1.87,155,4.74,156,4.25
9439818226,357,4.96,687,4.34,792,4.03,294,3.93,397,3.74
8459462754,63,3.86,748,3.87,176,2.52,964,4.99,204,2.05
8853934913,861,1.71,996,4.93,799,3.23,43,4.65,996,4.11
7548303890,4,1.12,285,2.02,899,1.37,531,1.42,246,1.42
7010176499,94,1.37,745,4.11,777,2.24,632,4.43,929,2.65
8759044936,815,1.41,609,1.49,866,4.12,853,2.10,12,2.33
7266211224,712,3.46,103,4.14,728,3.73,620,3.18,781,3.84
9549806493,938,2.93,9,3.32,541,4.47,348,3.31,117,2.14
7736667570,119,3.70,274,3.96,31,2.00,849,2.09,604,2.83
9578014180,570,1.69,536,3.58,417,4.12,340,3.19,387,2.53
8901621441,131,4.65,863,4.94,764,1.50,304,3.71,808,2.96
8757913925,502,3.54,759,2.73,173,1.66,174,2.27,988,3.05
8972395817,950,1.81,278,3.75,152,3.18,24,1.17,157,3.24
7635333421,410,2.59,493,3.53,477,1.33,474,3.35,715,2.31
9024580286,693,3.25,107,2.82,139,4.36,265,3.58,37,3.92
9812240761,877,4.24,140,1.17,979,3.88,892,2.57,828,4.09
8608570121,772,1.77,800,3.67,221,3.00,414,2.59,666,1.12
9016591832,94,3.44,340,2.79,867,2.13,622,4.74,69,3.98
7835558685,61,2.93,8,1.77,432,2.26,12,2.49,73,3.93
7477096242,64,2.11,834,4.86,333,2.19,69,2.35,780,3.66
9812456734,80,4.17,598,3.39,839,3.70,837,1.23,470,1.45
7541472369,145,1.29,868,1.67,450,2.98,322,2.58,629,1.40
7353997432,421,4.23,746,2.00,962,1.63,196,2.35,136,4.72
7105160564,919,4.47,986,4.64,240,4.45,512,3.98,56,2.24
8449788554,223,4.85,464,4.49,308,2.84,446,2.14,999,1.92
7723039367,726,2.98,769,4.27,163,1.42,679,4.49,423,3.87
9440243123,828,2.19,582,1.94,588,3.49,315,4.22,959,2.06
9536909928,655,2.80,926,4.20,878,1.41,551,3.58,809,4.65
9702592421,650,3.45,544,3.62,279,1.73,734,1.18,346,2.87
9630024271,449,1.72,180,4.28,872,2.44,468,3.91,528,3.61
8340316048,883,2.53,299,4.64,855,3.40,789,2.27,61,2.79
9684904494,553,1.39,510,2.38,486,3.27,799,2.77,763,4.25
7737881475,954,2.40,216,4.83,457,4.56,849,4.57,666,4.73
8677265259,500,3.90,706,3.37,929,3.83,316,1.26,129,4.61
8377999712,472,1.14,234,3.42,714,4.05,105,3.80,100,2.53
9915078016,920,1.02,604,3.80,123,4.96,427,3.01,608,1.08
9753005783,48,3.55,373,4.53,195,1.50,561,2.77,740,4.36
9612926162,741,4.88,58,2.80,576,1.25,625,3.72,66,3.52
9709564984,521,1.11,338,2.71,253,4.52,983,1.11,289,1.70
7592835763,552,2.65,475,4.92,70,3.43,205,3.55,435,3.42
8235060233,43,3.13,194,3.48,45,2.36,436,3.20,275,2.71
8880039312,671,1.26,695,2.04,600,2.68,122,3.03,794,2.30
9810810125,963,1.94,980,3.13,163,3.17,792,2.32,46,3.21
9564250225,227,1.64,106,3.85,900,2.97,842,1.41,738,2.73
7559477242,675,2.37,719,1.38,618,4.20,90,3.11,774,1.30
8493070091,392,4.66,137,3.05,880,2.98,180,4.27,868,1.32
8002028021,392,1.14,451,4.63,882,4.11,639,1.05,356,3.41
8219820679,3,3.37,714,3.05,473,1.91,396,4.38,743,1.32
7361206982,355,4.22,837,2.38,325,1.37,565,1.22,73,1.99
9992196720,981,2.38,811,3.93,715,2.30,310,3.28,364,2.63
9196821586,89,1.00,378,2.76,639,2.17,876,1.84,550,1.48
7326734834,321,4.69,978,3.11,380,2.94,752,1.42,83,4.86
8396767386,168,3.72,486,1.06,823,3.38,185,3.53,845,1.46
7338368888,915,3.89,609,2.64,82,1.01,463,3.25,881,2.04
7531212146,394,2.64,495,1.98,830,2.35,950,3.40,458,1.10
7134891311,210,2.33,759,2.83,617,1.99,473,3.50,95,1.03
9935719049,419,4.39,176,3.29,272,3.20,462,3.69,700,4.81
9180862647,419,4.72,521,4.55,216,4.75,42,2.45,15,1.82
8091072420,631,2.08,496,2.90,473,2.66,824,2.50,130,3.39
8390311744,91,2.48,322,1.89,491,4.27,509,1.29,256,2.43
7309034598,543,2.07,154,1.39,701,3.20,890,3.44,661,3.87
9168070226,916,4.50,17,4.42,169,2.55,757,1.53,444,4.69
8351086603,26,4.53,905,1.56,652,2.43,412,2.60,611,3.14
9567202596,957,2.72,334,3.10,39,4.29,555,2.63,529,4.97
9095953813,468,2.81,791,4.18,102,3.42,706,3.58,136,2.48
9957963041,955,4.85,38,2.58,218,1.48,741,4.38,38,2.65
8278703604,347,1.68,191,3.51,201,2.88,747,4.01,440,1.12
7432469980,955,2.50,157,4.69,471,4.31,69,2.24,627,2.00
8203185910,765,2.08,28,3.18,52,1.50,949,4.88,703,4.42
8385785396,257,1.80,782,4.04,289,2.61,539,2.93,606,3.65
9829285973,209,1.97,564,4.79,46,3.97,830,1.65,863,2.58
7835815808,629,3.46,208,1.64,422,2.36,224,4.78,487,3.30
7783031560,162,1.85,959,1.56,963,2.75,401,3.44,297,4.19
9753837711,784,4.50,648,2.13,784,4.14,897,1.92,215,3.52
7340843859,252,4.84,181,4.71,945,2.55,374,1.38,945,4.82
9575714232,352,1.68,395,4.34,12,1.95,304,3.34,452,1.16
7877242615,252,3.04,894,1.24,301,3.77,246,1.92,615,2.34
7453551732,976,4.81,982,1.54,446,2.08,470,4.07,183,4.02
8967329275,656,2.96,704,4.39,562,1.64,887,2.74,51,1.81
9273704559,707,3.12,917,3.83,998,4.85,333,4.78,940,2.85
7949561597,489,3.63,464,4.56,312,2.19,515,3.05,841,3.62
9274782623,540,3.65,551,4.23,178,4.52,857,1.55,178,2.69
9583420318,698,1.19,419,1.95,91,1.92,829,1.11,393,2.76
8775283384,850,2.44,930,1.72,537,4.89,930,1.97,626,1.50
9920329022,789,2.08,617,4.10,152,1.83,672,4.99,15,1.47
7229730026,441,4.62,848,3.13,935,3.94,610,4.31,45,1.12
8533143688,295,2.44,378,4.45,877,3.22,757,3.32,611,2.67
8972463510,114,2.42,851,4.02,312,2.28,684,2.20,385,2.73
7445825461,333,2.39,588,2.87,449,3.88,899,2.84,619,1.38
9930063859,2,2.74,661,1.25,107,1.44,100,1.11,258,3.49
9999990116,762,3.33,271,1.40,767,1.21,714,3.54,586,3.77
8810318360,370,4.15,339,3.15,77,2.39,551,1.92,545,1.24
9178536254,385,2.22,155,4.64,653,3.42,926,1.90,235,4.37
8999177457,232,4.93,516,2.86,20,1.47,387,1.79,153,1.98
8647686746,231,3.50,971,1.80,108,4.91,275,3.45,944,3.79
9293818924,934,3.26,191,1.28,841,4.36,56,3.03,194,2.42
7882955069,229,2.72,785,2.51,753,3.85,487,1.08,323,1.32
7758307784,798,3.95,917,4.53,455,4.83,507,2.64,323,2.69
9136521886,426,1.64,989,1.78,633,2.35,985,1.69,960,4.06
7912154796,17,4.27,697,1.21,265,1.68,309,2.99,577,1.38
9678786186,540,3.24,498,3.51,196,2.60,728,1.79,489,1.29
9631292272,278,4.56,509,2.59,344,4.62,787,1.48,825,3.02
9467345565,777,4.12,262,2.66,681,1.99,146,2.45,822,3.33
7950565679,993,2.41,221,3.96,988,1.91,110,3.80,840,4.47
9367051065,781,1.63,515,3.41,72,2.59,159,3.03,795,2.61
8545634136,585,1.52,569,2.99,4,2.84,119,2.19,103,3.88
7633673333,60,1.27,998,4.46,452,3.08,130,2.30,454,4.35
8553044980,29,3.01,7,1.31,948,1.86,659,2.22,656,3.46
7172231455,452,1.40,43,3.38,935,4.97,965,3.84,959,3.91
9290097507,719,2.15,462,3.86,588,2.38,301,1.38,745,1.74
7828337919,23,3.10,543,4.75,259,4.83,721,2.96,358,1.02
9381499848,795,1.70,507,4.60,935,3.31,648,4.35,480,1.81
7289274768,273,4.36,767,4.84,794,3.42,788,3.80,523,1.70
7872852127,225,3.23,961,2.88,637,2.03,877,2.87,506,1.99
9559408896,712,3.59,460,1.89,983,1.34,152,3.30,189,3.29
8679568762,340,1.61,737,3.67,908,3.49,745,4.70,481,4.88
8373994042,640,3.98,884,4.02,145,1.71,268,4.87,317,1.95
8921381155,15,4.83,579,1.90,856,3.28,90,2.77,205,4.48
7021268449,454,3.38,285,2.54,200,2.22,814,4.21,12,1.51
7782055018,334,4.81,425,3.60,854,3.63,742,3.18,394,3.62
9484784048,932,4.15,757,4.65,103,4.71,969,3.10,808,2.04
9000511654,444,4.86,295,2.58,545,2.63,856,4.79,418,4.83
7946030934,691,1.87,665,2.38,657,3.99,850,1.52,445,1.31
9681235611,255,4.15,982,3.00,190,3.64,897,1.90,829,1.76
9789423521,495,4.63,533,4.23,984,2.50,500,3.69,163,4.62
8057520714,784,3.03,334,3.78,303,3.97,907,2.52,95,4.29
8837011772,136,2.66,849,2.03,92,1.99,69,2.76,162,1.07
7906920457,255,2.70,563,3.39,989,4.22,220,1.33,800,1.73
8081918623,393,3.73,292,2.36,898,3.93,908,1.77,104,1.73
9279211977,487,3.81,885,4.45,904,2.93,485,2.29,497,1.78
8150592550,954,1.33,705,1.17,568,1.93,904,4.82,438,4.66
8353265456,733,1.03,727,3.69,556,2.59,740,3.66,489,1.50
8826320967,260,1.60,565,4.55,206,1.17,691,4.39,895,4.83
9742447600,889,1.35,907,4.53,505,3.80,246,1.52,118,2.89
8601925933,927,1.40,764,2.69,815,3.01,377,2.45,717,3.65
9841560391,893,1.51,485,3.13,100,4.96,17,4.89,527,3.67
9156160961,820,4.68,316,4.03,900,3.54,2,2.22,38,4.89
8069508379,249,1.73,410,1.84,553,2.67,255,2.02,448,1.48
9628109452,797,1.56,957,3.90,252,1.43,251,2.45,396,3.88
9853596525,793,3.88,731,4.63,548,4.10,412,1.67,299,2.78
9984092539,931,4.69,690,4.87,275,4.29,876,4.33,506,4.32
8450258722,256,3.53,864,3.40,63,3.61,230,3.14,760,2.65
7443638049,265,2.06,37,4.82,671,4.48,855,3.70,284,4.19
7404436508,667,3.14,354,4.10,761,3.04,895,4.07,48,2.27
8247639728,211,2.62,140,3.04,421,4.64,579,2.59,606,2.93
9275585844,411,2.29,633,3.10,149,3.56,416,4.30,292,4.66
8651861789,337,3.17,862,4.32,778,1.89,274,3.79,443,4.57
9337855119,527,2.21,519,3.56,657,3.25,404,2.64,800,1.19
7442810197,590,1.18,749,2.77,426,4.51,376,1.05,798,1.54
9666020861,929,1.48,562,2.22,944,2.50,743,3.81,479,2.69
9689981240,982,1.76,26,4.23,54,2.61,861,2.24,381,1.32
9641650747,333,4.33,920,3.59,37,4.38,21,2.81,378,3.82
9924726594,378,2.23,830,2.62,322,2.56,338,2.84,43,3.62
8742786559,45,1.98,132,2.70,327,4.87,163,1.44,124,1.98
9290671706,306,4.85,511,2.37,633,1.88,287,3.44,775,4.50
8712875275,225,3.52,993,3.02,112,3.86,500,4.93,12,2.49
8681724921,655,2.47,140,2.81,140,4.75,995,3.98,533,4.41
8065167955,873,2.37,808,3.74,70,2.66,298,1.66,650,1.09
8164887760,693,4.20,358,4.22,175,4.52,571,3.00,213,1.37
9827211347,610,4.35,379,3.37,11,1.52,901,1.05,342,4.82
8657657714,103,2.08,287,2.24,638,2.16,932,4.60,865,2.01
8384782014,225,4.05,501,1.43,332,4.10,810,3.13,850,3.06
9497856147,640,4.74,522,4.61,909,3.49,816,2.62,641,2.98
9547301459,117,3.04,153,3.90,784,3.44,349,4.81,804,1.38
9971048153,566,1.55,163,2.54,544,3.23,647,4.98,3,1.87
7205330463,5,3.81,248,4.19,624,4.42,134,1.21,736,1.08
7625423827,216,4.96,403,2.90,341,1.55,596,3.46,481,3.69
8124850462,669,3.31,579,2.79,680,4.22,200,3.47,694,3.33
9423358628,969,3.30,490,1.82,385,3.08,261,2.88,598,3.13
9518914333,114,1.42,553,1.67,644,4.70,451,3.04,429,2.44
8771571482,372,4.09,732,4.97,295,1.08,192,4.83,625,4.68
7010725914,232,1.03,428,4.49,699,3.85,128,2.36,400,3.86
9057907332,387,3.42,798,1.36,247,1.32,910,1.66,523,4.29
7477338606,964,3.15,993,1.80,626,1.17,71,4.20,203,3.41
8301140036,553,4.08,793,1.83,279,3.92,164,4.29,759,1.36
8046262435,971,4.96,105,2.40,714,4.53,895,4.95,610,2.88
7578338730,368,4.10,430,1.80,36,4.69,910,3.57,669,2.59
7042272795,45,2.78,5,3.74,102,4.92,607,4.31,85,4.77
7872033222,318,3.31,173,3.76,359,4.28,929,3.99,729,3.66
9838147749,858,1.70,130,3.24,662,1.38,837,4.80,478,3.17
8082430068,840,2.16,403,2.30,86,4.20,2,3.66,363,2.69
8772417237,132,2.82,989,3.42,216,4.56,583,4.47,670,2.75
9454892079,920,4.01,496,2.03,10,2.61,337,1.30,907,3.13
8907625820,988,2.15,720,4.17,579,2.51,320,2.44,41,2.94
8660756761,180,2.06,201,1.01,178,4.96,289,4.86,981,2.93
9973785077,91,3.72,143,1.33,992,1.67,372,2.27,19,2.95
8365064560,73,4.29,862,3.10,644,1.37,419,2.71,755,1.79
8735798153,129,3.62,510,2.95,505,2.49,699,1.56,398,3.37
7650365519,267,2.98,840,4.48,318,4.39,680,3.58,586,4.78
9800327051,371,1.69,622,3.31,193,1.62,620,4.88,805,2.15
9116125277,328,2.84,936,1.25,782,4.70,793,4.73,52,2.76
8771885260,273,2.80,669,2.30,518,2.47,550,3.56,424,1.99
9597561069,634,2.30,782,2.32,845,3.13,927,4.36,667,3.85
8785248413,616,4.91,993,2.02,658,3.54,531,2.16,103,3.43
9839348797,805,1.09,890,4.64,61,4.95,417,3.09,488,3.50
8063952183,213,3.81,935,2.67,432,3.16,174,4.82,32,4.38
8661237242,8,3.02,530,4.54,715,2.09,580,2.90,332,1.88
9226949399,21,2.67,57,3.85,292,2.09,670,2.34,447,3.63
9237214278,210,4.94,673,2.65,549,3.93,649,3.86,594,1.71
7926356644,400,2.52,349,2.62,904,1.85,671,1.69,263,3.18
8881536472,847,1.48,989,4.23,22,4.21,461,2.14,508,4.27
9570772243,328,3.43,472,2.84,64,2.82,181,1.97,73,4.54
8087267653,349,4.92,300,3.61,71,1.96,831,3.69,183,4.83
9476548937,624,1.34,677,3.06,997,1.73,84,1.65,714,2.72
7203605705,712,4.99,926,4.78,107,4.29,463,2.59,11,4.56
9204257600,623,2.20,824,4.48,687,1.69,551,2.97,477,4.81
7079941670,608,2.80,121,4.71,493,4.62,837,2.98,797,3.05
7221379969,265,1.74,838,4.49,449,2.61,390,3.63,75,4.52
9910948478,524,1.59,103,4.22,829,3.30,782,1.58,537,2.20
7673230545,303,3.12,16,2.95,868,4.63,331,2.32,693,1.97
9767635708,95,1.50,282,1.16,186,2.06,312,4.94,847,2.83
8726436643,144,2.54,808,3.43,176,3.39,356,3.78,802,1.72
9195480737,77,1.66,921,2.20,831,4.81,896,4.69,934,1.26
9872068397,881,3.95,139,4.61,251,3.62,446,1.23,922,3.63
8038223907,402,4.37,827,2.54,113,1.00,536,2.64,399,2.83
8510928789,249,1.45,798,3.38,777,3.27,529,3.93,189,3.74
9819593964,353,3.59,669,3.89,880,3.75,875,2.03,318,2.41
9638175343,511,2.01,216,3.38,486,3.19,994,1.42,423,3.20
7355377592,195,2.70,160,1.14,259,2.25,145,4.78,828,3.27
7646292624,846,1.75,722,4.30,64,2.21,878,4.88,352,1.39
9026527759,506,1.14,674,4.38,622,3.12,866,2.58,866,1.59
8380603046,371,2.54,457,2.70,35,3.98,680,1.21,796,1.14
9490326879,94,3.53,801,2.52,351,1.72,145,4.29,789,4.65
9231836136,749,3.54,221,4.00,868,1.47,867,3.71,917,3.59
9617416282,562,2.86,984,2.02,319,3.11,819,1.30,392,1.99
8922853625,324,2.86,928,3.86,625,3.01,271,1.17,66,1.16
8203895290,547,2.52,679,1.03,79,1.91,938,2.71,202,4.70
8818743706,759,3.70,757,1.54,682,2.77,963,3.43,403,1.84
8002305029,197,3.02,368,2.10,419,3.94,803,2.19,996,2.55
8649881070,473,3.36,773,1.31,496,3.41,728,1.99,188,4.38
9934058989,645,4.06,384,4.24,276,1.79,318,4.17,234,3.68
8129244053,568,1.67,562,1.92,855,1.11,859,4.04,588,3.86
9854789801,156,4.54,748,1.38,24,1.00,475,2.01,412,3.69
9949527281,517,4.75,383,2.70,823,3.34,908,2.27,906,4.84
8751772574,104,3.41,100,3.40,763,2.10,622,2.12,455,4.82
9373258639,611,1.45,441,2.12,403,3.36,932,1.24,381,2.27
8355811126,154,3.35,385,4.89,599,3.76,547,3.95,849,3.53
9557728206,59,4.46,158,4.33,969,2.72,965,1.01,74,3.33
7481055600,855,2.86,183,3.73,814,3.86,540,2.57,651,1.93
9721251431,668,4.76,719,3.90,687,2.13,702,4.03,941,1.88
7302880912,335,4.62,393,3.44,499,2.71,339,3.72,442,3.13
9775714882,247,1.78,766,1.77,468,3.58,866,2.40,841,1.06
8346181939,960,2.92,580,1.54,454,3.27,234,4.97,980,3.19
8408987616,213,3.87,838,3.39,475,2.75,308,3.42,113,1.52
9005923342,628,2.39,422,1.36,145,2.12,723,3.62,611,4.21
7147059161,405,2.51,26,4.23,860,4.63,656,1.63,380,3.96
8932778203,803,2.46,548,4.14,36,2.74,763,2.47,441,4.87
8935538827,790,3.01,380,4.73,163,2.83,280,1.34,385,3.67
9593708574,577,2.90,593,4.82,934,4.66,81,2.91,938,3.78
8852783562,535,2.80,811,2.56,805,3.82,358,3.56,988,1.29
9901485012,761,2.68,380,1.50,817,3.18,16,4.80,861,2.25
9192932788,941,2.77,527,2.01,177,4.53,120,2.08,953,2.26
7621078306,479,1.25,14,2.32,224,3.74,60,1.97,383,3.17
9012925730,851,4.85,648,1.40,91,3.57,679,2.68,778,3.29
8235199242,830,2.98,102,3.59,485,3.33,582,3.40,855,1.35
8099120335,436,2.57,240,2.63,817,4.69,460,1.39,616,3.57
9855467173,908,1.74,448,1.64,943,3.70,255,2.81,906,1.83
9863489097,724,2.27,855,3.31,442,2.40,880,2.40,293,3.52
8366290624,890,1.66,341,2.41,835,1.25,311,4.04,464,4.70
8192549840,842,1.52,669,2.37,75,1.08,827,1.46,528,4.70
9091105207,967,1.33,997,4.84,708,1.51,117,1.20,865,3.46
8281805247,692,1.62,408,1.57,281,1.59,492,4.09,723,4.64
8480657692,580,3.27,818,2.51,70,1.83,471,4.69,431,4.92
9554370602,707,2.72,568,3.27,178,1.94,265,1.04,109,2.57
8743814028,838,4.73,839,3.68,476,4.27,682,3.04,729,2.83
7665837321,429,4.14,903,3.24,824,4.65,738,1.70,619,3.29
9749794425,982,3.82,187,1.20,409,3.22,756,1.69,326,1.18
9600925598,842,3.35,716,2.65,898,3.06,354,2.74,583,3.90
8174017155,470,4.58,394,2.99,109,2.21,953,2.28,963,2.86
9196165465,811,3.96,280,1.34,162,4.30,835,2.68,221,2.85
7914317299,585,1.49,155,4.16,991,4.31,565,4.09,966,2.41
7945105849,520,1.66,653,2.36,882,1.54,389,4.96,962,3.13
8323958559,482,1.06,465,4.34,405,1.29,14,3.04,175,4.23
7998939328,481,4.90,173,3.78,217,4.60,553,4.85,829,3.68
7930683148,214,2.08,116,3.56,251,4.06,280,1.27,850,2.28
9577516209,573,1.12,205,4.47,525,4.49,731,2.40,456,4.66
8218572399,621,4.60,218,3.55,440,1.20,209,1.07,817,3.13
9573954815,553,2.28,64,3.70,732,2.96,673,3.93,841,1.63
7866272023,904,4.97,734,2.57,237,4.61,495,1.60,553,3.85
9186178746,673,4.87,600,4.78,160,3.84,604,4.52,609,2.58
9856177017,347,1.83,51,4.47,296,4.98,969,1.40,82,1.64
8514758324,350,1.59,619,1.01,666,1.83,262,3.48,353,2.48
8144234907,911,4.59,196,3.27,590,3.34,398,1.19,297,4.90
8803355724,317,2.75,185,4.03,582,1.44,863,2.13,656,3.98
7908519438,382,2.59,712,4.45,512,3.82,122,1.26,763,3.93
8307539866,327,2.64,843,1.76,658,4.57,871,3.89,472,1.01
9485989468,317,3.40,79,3.81,114,3.52,772,2.75,153,3.77
7058656550,279,2.05,998,2.36,176,1.77,500,1.23,893,3.20
8698222100,305,2.11,235,4.01,844,1.46,749,4.99,216,1.07
9982226805,561,2.97,966,3.07,448,3.40,99,4.14,741,2.41
9076812942,948,1.30,57,3.90,171,2.80,313,1.35,575,2.90
9803223220,555,2.21,751,2.93,161,2.26,896,4.37,58,3.11
8894276397,530,2.08,514,2.09,148,3.66,961,2.21,714,3.67
8080785839,462,3.16,193,4.40,397,4.06,115,3.12,302,4.80
7025497002,556,3.38,887,2.52,338,3.32,226,3.15,232,3.72
8475905202,66,2.67,947,4.16,737,4.65,113,4.79,8,4.71
7541289517,233,2.88,631,3.44,493,3.18,124,1.86,803,2.85
8815153848,600,1.77,711,2.67,508,4.81,76,4.03,712,2.38
7502444338,456,4.99,391,4.75,51,4.35,312,4.09,337,4.13
8367820550,638,2.07,192,4.52,139,3.40,710,3.37,207,3.15
9515913572,83,4.53,234,1.46,818,3.69,401,3.48,473,1.12
7781370880,786,4.58,615,2.15,576,4.62,565,2.77,547,2.19
8217234159,107,2.23,379,3.83,172,3.68,987,4.34,938,2.27
8096736466,38,4.02,946,1.37,867,4.52,899,3.77,794,1.49
7785093579,834,2.76,565,1.08,723,3.17,696,4.09,242,3.43
7409171617,807,1.94,619,2.70,390,4.11,441,1.87,185,3.88
9827889681,319,4.45,747,1.18,706,2.32,963,3.57,874,3.75
9978548175,65,1.61,246,1.81,628,4.84,14,1.87,245,2.28
8444569227,139,3.72,975,3.08,219,2.13,299,4.37,468,3.96
7985073520,455,4.79,723,3.06,96,4.03,756,4.71,419,1.42
8976948198,46,3.21,171,4.59,115,4.84,526,3.05,343,2.17
8303872884,995,1.90,154,4.82,738,3.12,587,2.76,910,2.30
9946937951,134,1.62,988,4.22,526,3.16,848,2.33,489,1.09
7483750498,751,3.11,216,4.95,151,2.99,630,1.80,798,2.39
7866788260,985,4.12,132,1.27,932,4.06,624,1.32,313,3.87
8215218559,872,4.56,977,3.01,22,3.03,561,3.37,938,4.52
8815909840,653,1.01,271,4.83,255,1.29,421,4.12,409,2.00
9648361778,508,3.56,659,4.65,481,1.08,222,1.69,825,1.47
8037539291,430,2.02,215,3.93,646,4.12,242,3.69,211,4.99
7044559793,428,1.90,501,4.97,466,1.36,376,4.18,356,2.60
7783392254,147,1.92,67,4.07,540,1.50,850,2.28,618,3.33
8869598558,607,3.96,757,3.79,764,1.08,205,4.36,424,1.96
7355525469,74,4.01,901,4.74,48,4.93,733,2.21,607,1.57
9890313451,648,4.42,767,4.60,160,3.48,979,1.91,329,2.08
8184336093,627,3.41,945,4.54,966,1.06,579,1.03,381,3.36
9506728053,674,3.25,245,3.98,963,4.12,371,3.66,309,3.92
8887080773,747,2.63,288,1.12,510,3.82,102,4.28,846,2.97
8163573589,260,1.20,175,4.57,274,1.47,15,4.65,865,3.44
7104633544,231,2.02,942,4.53,375,2.86,658,4.92,64,2.20
8728566245,5,2.83,194,3.09,513,1.20,283,2.59,160,2.76
9572212585,274,1.92,470,2.32,896,3.53,415,4.76,840,3.18
9704794400,645,1.25,906,2.03,117,2.89,707,3.50,492,1.30
9636353899,236,2.47,410,1.43,868,3.41,700,4.39,852,3.40
9454135256,911,3.67,382,3.77,807,3.63,95,2.11,732,2.81
8340914842,905,4.44,523,2.81,64,4.32,826,1.59,472,2.29
8711027914,966,3.00,962,1.89,519,3.63,230,3.92,659,2.92
9128539050,601,3.18,183,2.80,608,3.86,880,4.63,25,3.43
8787601298,880,1.31,621,2.05,871,3.75,952,1.13,320,3.78
9409344224,58,4.08,302,1.32,157,3.29,886,3.74,320,2.93
7635483908,516,4.22,315,3.89,87,2.84,547,1.09,911,2.17
9962270528,375,3.98,872,2.39,228,1.55,318,1.25,117,4.54
8519340389,178,4.96,181,4.57,373,2.90,613,2.50,190,2.62
9226182214,279,2.79,504,1.57,167,4.69,137,1.69,665,3.60
9252231908,553,1.49,957,2.47,74,3.26,29,4.37,68,2.27
7328919981,537,4.48,386,3.82,952,4.44,418,3.12,564,3.37
8968702026,807,4.92,717,4.26,369,4.19,175,4.50,904,2.60
9666314961,686,1.99,718,3.61,443,2.43,155,3.08,976,3.95
8831928948,163,1.54,864,3.84,896,1.12,335,1.14,965,1.40
7068093860,133,2.58,985,3.07,751,4.05,995,3.97,655,4.84
9061207215,952,4.58,333,1.10,414,4.79,63,2.81,665,2.30
8435607789,303,4.77,401,3.73,127,4.45,539,1.80,346,1.90
9724273237,892,3.44,133,1.47,579,2.82,356,3.16,505,4.45
7153244410,748,3.53,484,2.53,104,3.13,289,1.11,866,3.74
7684169599,317,2.94,675,3.74,954,3.56,676,4.37,69,2.18
9910430444,20,1.71,995,1.89,712,2.16,523,1.18,564,3.53
7806306655,192,4.14,822,3.93,618,2.57,217,3.74,32,1.10
8703740956,691,3.07,407,1.82,215,3.74,165,4.67,926,1.46
8796962632,985,2.37,218,4.58,119,4.53,319,4.09,929,3.43
7441350940,126,2.39,656,4.61,190,4.75,173,1.49,812,3.77
7165480745,927,4.30,273,2.66,62,4.24,620,2.85,321,3.38
7298742398,432,4.99,199,3.97,764,2.06,121,1.99,179,2.31
8001342680,714,1.17,112,2.09,335,2.12,333,3.94,65,2.84
8674408280,626,3.40,268,4.31,474,3.32,397,2.49,160,4.76
8413214417,487,4.81,902,3.59,809,3.56,46,2.34,690,1.03
9734325628,153,2.68,801,4.42,509,1.40,901,2.44,84,2.94
9414830838,792,3.72,254,1.13,385,2.65,559,3.17,169,4.39
7742049362,797,1.01,734,1.02,90,2.90,198,1.15,332,3.90
9443039441,244,4.99,774,3.92,407,3.91,579,2.67,999,1.71
7364694837,492,2.99,199,3.18,341,3.88,823,1.18,933,1.25
7355998790,868,1.94,476,2.72,814,2.01,535,1.44,191,1.20
7147379868,690,1.21,733,1.41,297,1.22,889,1.40,464,4.50
9922446945,402,2.98,433,4.24,854,3.97,385,1.03,563,4.41
8235591296,788,4.06,751,1.72,612,2.30,123,1.41,119,4.28
9487045520,382,2.73,980,4.35,836,3.96,62,1.39,855,2.65
9346086372,528,1.22,402,3.13,143,2.15,240,1.86,776,2.98
9622704151,495,3.14,802,3.30,200,4.24,94,4.39,242,3.17
7967054373,446,3.30,407,2.97,820,2.48,932,3.35,531,3.47
8149677686,506,1.08,441,4.15,113,1.05,45,2.61,210,2.27
8135365440,227,1.49,653,1.38,118,4.93,726,4.56,404,3.63
9969953680,52,1.06,136,3.37,927,4.86,629,3.42,244,3.33
9528621306,216,1.20,108,1.97,990,3.67,701,1.67,922,2.87
9730747279,728,3.57,385,3.89,78,4.60,746,3.41,360,3.14
9141273813,476,3.90,80,3.65,394,2.88,387,4.54,813,4.84
7238126772,198,1.00,318,3.75,431,3.79,237,2.66,387,1.55
8758293530,500,3.34,3,3.48,317,1.50,138,1.52,316,2.63
7427438119,484,4.01,782,2.39,676,3.60,844,4.37,772,2.58
9801080770,92,1.38,663,3.67,847,2.84,953,1.39,534,1.71
8668467068,229,2.34,18,4.28,64,1.58,737,3.07,857,1.75
9150311409,2,4.04,258,4.14,923,2.79,25,4.97,786,1.27
9232868603,471,1.82,959,4.08,683,1.19,950,4.15,797,2.67
8028380114,606,4.73,728,2.34,312,1.04,233,2.46,146,3.07
8056322755,391,3.88,466,2.35,561,4.00,276,2.08,721,4.19
7336339050,301,4.09,591,1.58,799,2.76,474,3.91,215,1.16
9903018941,551,2.92,250,4.41,977,2.44,467,3.48,313,2.45
8637255380,294,1.65,871,4.88,787,4.51,944,1.03,740,1.86
8435739020,431,4.50,883,3.37,842,2.60,81,1.55,724,2.00
9696953393,193,4.09,822,1.93,257,4.11,459,1.28,817,2.75
7340901492,369,3.90,11,2.75,431,4.06,943,1.77,611,4.46
7215291354,89,3.97,795,3.82,542,3.95,470,1.04,306,2.76
8799716460,649,3.19,822,2.12,455,2.53,10,2.67,132,4.08
9334240526,866,3.74,51,2.14,492,2.40,703,2.68,561,1.90
9492439879,104,4.98,922,2.67,300,1.84,318,4.33,950,1.25
8973324770,110,3.92,274,3.06,337,4.94,214,1.58,745,4.07
9775012682,498,2.71,946,5.00,195,3.79,897,4.02,641,4.98
7814434131,266,2.68,277,4.69,75,3.10,257,2.18,781,1.76
9066001332,975,2.67,688,4.01,265,4.51,683,2.70,398,4.72
9700197525,744,1.56,706,2.78,204,1.51,544,3.00,492,3.78
9590508680,976,2.08,12,4.48,669,3.07,973,4.11,632,2.55
9168861292,192,3.19,554,3.01,453,4.95,357,2.47,585,3.77
9927365778,420,1.70,554,4.75,514,3.60,489,3.80,863,1.79
7700097937,496,2.16,951,2.25,506,1.07,518,1.62,911,4.78
9010891117,366,4.20,71,1.96,809,4.39,872,2.43,273,1.86
8298254536,11,4.24,3,1.14,807,4.91,376,3.06,877,3.11
7295819667,64,2.97,269,3.16,510,2.22,305,4.80,470,1.32
9986026293,57,3.59,414,2.43,235,2.55,840,4.88,967,3.22
8935792588,45,1.58,180,4.18,616,3.84,6,2.39,253,4.48
7894115106,24,1.43,268,4.02,827,1.18,968,2.77,89,3.11
9818746881,894,1.27,407,4.04,344,2.24,553,3.15,658,1.80
7360496443,308,2.62,586,3.39,728,2.72,773,4.15,846,4.82
9501105462,431,4.59,109,3.48,658,2.47,317,4.25,161,3.32
8850728869,837,4.20,257,3.95,257,3.91,732,4.15,932,4.07
7144495615,286,3.34,169,1.70,810,2.71,850,4.62,656,2.58
8764398417,215,2.09,493,4.37,302,2.73,942,2.79,499,3.28
9190704654,305,1.40,840,4.93,79,2.63,680,1.17,785,4.21
7022980226,325,2.69,227,1.60,274,3.77,970,4.11,789,2.93
8430859340,749,2.12,77,1.48,612,3.22,851,1.07,231,2.45
7197119664,809,1.95,765,3.60,472,3.73,264,2.78,311,3.62
7019940785,32,3.64,869,4.83,142,4.00,475,4.84,841,4.51
7332235943,2,1.91,574,1.06,53,2.07,382,4.39,524,1.26
7313439391,574,3.79,198,2.36,316,2.82,741,2.60,840,2.04
8550616450,726,2.06,283,3.70,743,1.58,425,1.58,353,2.40
7402221762,464,1.28,574,1.47,594,4.38,97,3.58,904,3.88
7568549883,899,1.43,883,3.36,73,2.82,773,4.12,846,3.99
9567148596,742,1.39,795,4.48,984,2.28,771,1.75,607,3.98
8602337254,996,1.75,595,1.69,158,3.53,653,4.31,925,1.84
9159643581,537,2.63,184,4.54,337,3.55,428,1.37,578,3.42
8978859276,270,4.25,92,3.94,30,4.09,114,2.14,526,4.39
9224581620,770,1.62,549,2.25,601,2.37,481,4.55,736,1.38
7628909530,63,2.00,590,3.51,75,2.97,705,1.28,342,3.76
7563537713,820,4.91,98,2.37,206,1.39,538,2.78,139,2.44
7734303545,704,3.17,832,4.49,403,3.24,518,1.35,56,3.67
7802478673,358,4.62,738,4.77,698,3.83,506,4.03,281,2.39
7537495700,209,1.41,105,4.07,872,4.99,299,1.57,178,2.25
9972195278,557,1.37,595,3.12,862,2.45,128,2.28,211,2.95
7829039791,496,2.15,300,2.62,38,3.42,989,4.66,586,2.78
9843618252,7,1.37,36,2.11,828,3.82,104,1.02,407,3.46
7180147837,873,1.60,435,2.69,543,4.91,442,2.91,417,3.12
8164315725,958,4.42,192,3.25,68,4.11,494,4.89,213,1.22
7816999431,331,3.16,214,3.89,302,1.84,7,4.97,226,4.68
9296554100,988,2.43,805,1.47,776,4.43,809,1.68,533,1.20
7108291678,551,3.29,963,4.99,382,2.61,363,2.63,231,2.96
9694461830,758,4.70,160,1.39,861,2.67,33,2.42,613,2.49
7940040841,635,1.89,719,1.52,668,1.12,288,4.52,24,2.76
7483404573,317,4.78,51,1.56,645,2.05,852,2.88,14,1.29
8624215140,235,2.84,348,3.07,227,4.64,992,3.61,318,1.93
9251316899,321,3.49,998,4.75,419,4.45,541,2.68,254,4.08
8152327599,167,4.84,293,2.29,792,2.40,304,4.30,228,3.63
7012833776,607,4.32,398,3.16,232,3.32,233,4.67,240,4.33
8562261609,611,4.22,988,3.06,954,3.05,228,2.36,37,1.01
7994673364,798,4.62,854,4.46,592,2.15,858,1.61,268,1.13
9742721193,676,1.24,6,2.19,417,3.47,390,4.72,653,1.89
9965643025,986,2.92,778,2.49,317,2.19,605,2.92,313,1.25
8793831592,461,2.44,723,1.86,195,1.01,406,3.03,769,3.87
9704116703,127,4.99,176,4.88,423,1.72,590,1.72,356,2.13
9462453620,727,4.18,706,4.03,696,2.46,520,4.14,222,1.36
8781900974,422,3.54,682,3.01,766,2.09,357,3.60,679,4.00
8791879086,977,3.31,961,4.14,469,3.94,714,2.29,239,4.23
7436287199,867,4.02,109,1.16,132,1.79,950,4.95,447,2.42
7823315035,2,4.47,972,2.79,762,4.52,87,2.72,39,1.98
8333339382,142,4.30,142,2.53,606,3.56,534,1.52,381,2.25
7252700242,958,1.54,717,3.47,206,4.33,484,3.18,726,4.61
7369669826,167,1.20,417,4.17,363,1.13,995,1.18,9,4.99
9172655919,670,1.76,897,4.79,615,1.98,267,3.92,555,1.19
9970328237,22,3.03,840,1.08,442,3.38,504,3.17,806,1.75
9261292598,66,4.12,239,4.56,342,1.10,589,4.74,393,1.50
8058516039,355,3.91,937,1.16,698,2.00,755,2.60,520,2.65
7680059642,673,2.11,54,4.49,677,3.36,803,3.27,670,2.94
8452336900,83,1.14,979,4.55,883,3.64,501,2.43,88,1.09
9807121202,637,2.85,201,4.60,472,3.40,381,3.47,179,4.93
9426900401,953,4.68,836,1.19,710,2.90,34,3.14,895,4.76
7126804521,977,4.80,217,3.08,586,3.81,288,2.71,844,4.92
7416937299,513,4.44,811,3.56,859,2.64,447,2.74,540,4.54
8159687495,731,1.17,664,4.61,741,2.00,891,3.43,970,1.26
7293600390,112,4.30,201,3.60,82,2.78,916,3.15,859,4.87
9927842311,150,1.59,674,2.58,63,2.30,266,2.08,562,3.51
8943426773,839,3.65,971,4.32,978,4.17,696,4.61,797,1.76
9173775699,370,4.99,259,2.73,956,3.93,256,1.19,997,1.25
8545036032,737,1.61,715,4.77,547,3.88,230,4.54,548,2.37
7324608693,825,4.94,206,1.60,925,4.05,768,4.08,723,4.70
8056441541,145,2.24,17,1.28,313,3.03,597,1.95,517,1.88
8180901043,199,4.72,291,2.46,604,3.62,543,4.25,675,4.40
8532740989,844,4.63,464,3.30,690,1.49,483,2.60,869,4.30
7622319889,915,2.73,66,4.53,608,3.80,76,2.30,788,2.75
8589864315,488,4.43,797,2.14,271,1.32,12,4.15,820,2.94
8105747526,999,4.23,747,1.83,741,4.28,483,3.22,334,3.35
9138590670,888,1.79,110,4.81,857,1.80,68,1.68,366,2.69
8431072319,614,1.83,551,4.38,731,2.11,817,2.69,777,4.69
8677048706,912,4.89,580,1.06,434,3.36,192,1.43,850,2.10
9790044101,781,1.92,388,2.29,965,4.59,768,2.45,556,1.47
7607130224,108,1.80,979,4.63,707,2.04,724,2.92,627,3.44
9318681236,553,3.99,988,4.80,581,4.34,725,1.85,432,4.42
8743495402,683,2.96,38,4.62,516,1.88,656,4.27,92,1.55
9107918020,400,1.57,393,1.52,925,2.58,906,3.18,73,1.52
8240508025,138,3.18,827,3.55,178,4.10,548,1.29,500,4.11
7943766349,687,2.61,217,3.81,574,4.74,629,2.82,143,2.61
8651029822,662,1.09,531,4.37,829,1.11,958,4.60,362,1.67
9914251349,905,4.29,266,2.85,70,1.69,816,2.17,423,4.23
9032957675,421,3.72,281,4.82,866,1.84,62,2.12,632,2.71
9256810224,727,1.61,897,2.52,34,2.98,528,1.55,464,2.11
7081138927,945,4.11,304,2.56,912,3.61,502,3.41,593,2.29
7652380904,91,1.11,952,3.48,593,1.04,642,1.77,837,1.01
7385381180,183,1.04,262,1.57,119,3.32,113,4.23,102,4.74
8865006080,221,3.18,251,3.47,860,1.79,813,2.69,293,1.06
7378880145,179,1.15,496,2.90,202,4.50,777,2.54,819,1.57
9766346429,933,3.52,387,4.28,798,4.65,475,4.26,59,1.46
9937003925,989,4.50,882,4.99,333,2.13,619,2.03,173,4.70
8834239155,601,3.52,19,3.95,942,2.87,981,4.10,57,3.32
7047349670,177,4.81,120,2.83,906,1.63,682,3.35,14,3.39
7140752870,896,1.74,911,1.21,316,1.79,943,4.60,37,1.82
8977480299,159,3.62,593,4.26,240,1.04,440,3.66,427,3.19
8520674409,788,1.31,772,2.74,366,3.86,413,2.52,487,2.67
7523127266,758,3.37,384,1.28,462,3.72,821,3.91,646,4.79
8034645937,291,1.59,288,3.30,894,3.30,895,4.40,735,1.21
9830676922,546,3.22,606,2.65,206,4.09,878,3.47,806,1.95
7960436269,178,4.15,862,3.81,775,3.50,55,1.88,806,2.19
8720045726,921,2.70,30,4.38,233,2.84,909,3.50,148,4.34
8535377515,161,4.22,246,3.12,721,3.83,602,3.17,473,1.73
9504081614,470,4.47,851,2.87,793,2.49,595,3.92,320,3.88
9610051944,100,3.58,626,1.32,457,3.72,86,2.61,411,3.17
9518216181,776,3.54,550,4.91,328,3.17,697,4.02,629,4.90
9246862752,393,1.22,794,2.70,479,1.02,213,3.64,534,1.25
8514254540,801,4.18,7,3.85,130,4.37,950,3.22,453,2.37
8241678203,68,2.01,655,3.46,977,1.85,895,3.60,395,3.26
8869423255,859,4.96,453,4.32,699,2.55,48,3.15,534,1.77
7181384311,11,3.52,725,2.93,595,3.48,411,1.34,993,4.85
7124853781,485,1.28,342,4.25,830,3.64,43,1.88,537,1.03
8929620368,423,4.13,224,1.53,471,3.62,966,1.03,476,4.11
7067634850,737,1.53,958,2.77,909,4.77,65,2.86,108,3.64
8850328191,865,2.65,47,1.18,384,4.60,468,1.17,958,2.00
8433314115,10,4.91,424,4.84,517,4.25,962,2.35,598,2.17
9064211935,180,2.12,204,3.80,886,4.29,474,1.73,174,1.92
8058337632,39,3.12,771,4.11,202,1.02,415,1.92,823,3.31
7507934231,169,4.55,274,3.43,53,4.09,174,1.04,699,1.26
9545487753,598,3.31,935,3.00,174,4.89,34,4.95,459,3.08
9856625766,175,1.26,48,2.45,793,2.38,710,1.32,310,3.60
9830091399,314,2.88,827,3.39,788,4.41,247,2.35,163,3.65
8819456256,581,4.78,814,1.50,768,4.28,328,3.50,356,3.61
8305013282,146,1.54,136,1.40,890,2.44,59,4.31,113,4.41
8560528227,840,1.26,676,3.17,575,3.41,641,2.80,171,3.70
9135609388,353,4.06,157,1.71,484,2.21,328,4.18,400,1.67
8547737394,821,3.13,874,3.58,245,1.03,766,1.31,199,4.18
9369991764,152,1.45,723,2.34,743,1.39,842,3.58,642,3.84
7672421211,189,1.85,342,3.87,88,4.30,201,3.88,911,2.77
7213767313,880,1.61,261,1.89,82,3.43,332,4.55,278,2.29
7009800794,982,4.56,620,2.96,554,2.27,115,3.90,632,1.54
8271141561,199,1.94,133,3.65,832,1.35,507,4.47,188,1.16
9086633107,837,2.06,818,1.88,117,1.56,124,2.53,28,4.47
7344589739,746,2.96,640,3.98,133,4.56,379,1.61,725,2.63
9447726222,36,2.40,531,2.84,127,4.11,744,4.70,413,2.34
9338351817,717,2.79,528,1.52,759,3.91,375,4.46,755,2.13
7940924118,160,3.60,475,2.12,220,3.99,443,3.30,988,2.05
9963755139,27,1.96,376,4.03,992,1.16,259,1.04,3,4.43
9154436455,210,4.82,164,4.23,144,3.50,622,2.22,776,2.34
9601172641,76,4.30,5,2.49,51,1.03,429,1.31,874,1.14
8991125178,890,1.91,92,3.75,779,3.30,934,3.74,355,1.38
8426316160,667,4.44,910,1.02,313,1.84,957,3.86,933,1.29
9662954507,221,2.47,778,4.95,769,3.29,14,4.96,438,1.75
9054131789,253,3.80,789,3.71,299,4.22,637,2.14,364,4.00
9489288099,766,1.13,476,3.66,351,4.90,130,1.45,966,1.34
8127084038,566,1.30,409,1.47,349,2.61,394,3.27,98,4.50
9598022897,535,4.30,540,2.49,952,2.77,252,2.98,677,1.84
7815770049,621,3.40,437,1.65,55,2.62,636,3.17,749,1.03
8474813663,46,2.70,234,4.34,642,2.67,713,3.15,27,4.67
7236525142,251,1.70,364,4.66,738,4.07,508,3.18,155,4.20
7226427501,153,1.43,241,2.97,726,3.62,32,2.12,949,2.77
9465746186,607,4.07,305,2.65,715,3.20,569,3.41,83,1.58
8930330513,965,1.83,251,2.53,700,1.77,380,2.38,177,1.98
9235123864,525,4.08,319,3.95,638,3.20,95,4.12,666,3.41
7554771545,590,4.12,767,2.88,239,2.12,925,1.89,747,3.61
8588917853,246,2.34,824,1.23,951,3.42,81,4.54,184,2.32
7429074875,499,3.39,749,4.11,141,3.27,500,4.97,883,4.29
9850143274,749,3.79,878,1.00,382,4.57,26,3.29,85,3.78
8144773913,39,1.70,746,3.70,950,3.69,83,2.84,661,2.48
8608478799,900,2.68,334,1.70,430,3.35,741,2.07,593,2.42
7610840928,963,1.66,967,3.67,497,4.85,159,3.14,719,4.52
8223895759,631,4.88,372,2.66,22,4.50,762,4.43,782,2.72
7515610507,897,4.51,108,4.33,726,4.67,324,2.56,842,3.78
9909120674,673,3.97,495,2.89,849,1.55,425,2.02,727,3.76
7415617793,340,1.41,825,4.32,35,1.13,419,3.31,378,1.40
7299975235,691,4.93,839,3.03,429,3.02,290,2.17,286,2.62
8370877543,137,3.69,486,1.31,758,3.26,85,4.08,338,4.45
9046178852,262,3.07,568,3.60,575,4.01,411,2.43,27,3.53
7584114345,363,2.68,130,1.97,595,4.02,868,2.33,498,4.34
7249996088,778,2.51,219,2.65,835,3.20,882,2.64,95,1.80
8832407992,204,1.90,696,3.66,540,2.67,908,1.68,986,4.21
7873435207,299,3.81,51,2.60,372,4.12,216,3.74,110,3.33
9292256659,728,4.86,176,3.83,310,4.53,802,3.46,633,2.58
9498786371,288,1.93,890,1.32,956,2.68,335,3.01,733,2.00
9126153264,426,4.79,728,2.46,350,2.28,459,2.16,854,1.77
9433033017,431,4.54,467,4.73,13,1.11,447,1.33,201,3.89
8614766693,990,2.40,809,3.25,272,2.65,617,4.55,939,3.14
7189532705,986,3.21,959,2.34,94,3.00,555,1.56,933,4.06
9727938464,115,4.32,964,4.04,935,1.93,249,4.38,394,3.92
7920039629,660,2.54,316,4.96,794,1.04,177,2.45,351,3.86
7563475474,991,1.60,299,2.70,489,4.48,234,3.97,434,3.03
9181989268,569,1.65,934,2.85,866,3.56,665,3.25,93,4.42
8828418054,830,1.70,585,4.65,379,1.21,544,1.11,807,3.44
8671009198,724,2.32,449,3.96,205,1.52,616,2.69,228,1.57
7305792939,892,1.07,571,1.01,700,3.36,664,2.62,878,2.18
7684511609,353,2.96,692,2.05,462,3.69,9,2.13,393,2.33
7168534004,522,3.13,365,1.78,328,4.61,154,4.09,296,2.90
7204125355,521,4.20,404,1.08,287,2.44,114,2.17,485,4.20
8581788638,149,3.11,680,2.60,891,2.18,17,1.56,644,4.47
8799035114,763,4.57,865,3.81,545,1.82,698,3.66,241,4.24
7042713232,484,2.07,321,1.87,67,4.72,63,2.34,178,2.09
8937971906,863,2.23,454,4.13,453,1.90,730,2.75,987,1.46
8486811488,9,4.67,558,2.99,594,3.57,543,3.67,126,3.41
8581324167,480,2.76,60,3.67,233,1.24,609,2.33,908,1.26
7387184503,348,3.12,905,1.46,125,4.23,104,4.55,62,4.26
9820733991,70,1.78,399,4.10,772,1.51,933,4.37,405,1.95
9068286694,361,1.18,404,2.07,294,3.21,568,4.83,542,1.89
7521756638,417,2.43,540,2.58,766,1.17,955,3.51,524,4.33
8939308083,561,3.48,725,3.70,379,2.68,143,1.64,542,5.00
9877435203,168,3.86,366,4.04,5,2.25,160,3.76,955,3.55
8004355992,26,1.80,269,1.65,534,2.88,352,1.04,208,4.39
9748290030,906,3.11,274,3.41,783,1.02,851,3.11,819,2.78
9398176026,70,4.84,969,1.31,863,3.13,473,2.29,128,4.67
7061453399,731,4.52,142,4.23,897,1.15,276,3.76,306,1.80
9806544513,807,3.49,700,4.62,540,4.60,248,2.90,595,1.20
9388547303,748,3.98,490,2.71,331,2.29,490,3.81,253,4.94
7216458127,144,1.76,23,1.61,741,2.43,380,3.54,340,2.49
9680939714,609,2.42,797,3.04,514,3.95,208,2.36,902,1.79
8752812842,903,4.39,495,2.36,464,4.32,727,2.02,788,1.06
8213876718,13,3.53,133,3.55,19,2.05,845,3.48,426,4.71
8266889958,566,1.39,951,3.04,139,2.21,73,3.35,224,3.11
7128496565,90,4.78,637,1.37,618,1.98,255,3.73,256,3.41
8305769635,490,1.94,915,1.62,557,4.71,96,2.71,145,1.63
8666952433,737,2.71,869,4.06,946,4.48,43,4.66,933,2.48
9873313134,646,2.61,842,4.65,813,2.51,463,2.98,685,3.63
7897800161,232,3.07,736,4.23,375,2.41,854,2.46,948,3.52
8652191241,577,2.21,944,3.53,869,3.35,994,1.40,254,4.33
9789019773,923,1.08,530,1.39,314,2.38,779,2.58,25,2.40
7748034239,745,3.41,182,3.91,841,4.96,472,4.37,401,2.06
9210741818,428,2.38,576,1.35,897,2.08,823,1.19,374,2.92
8790875672,457,3.86,405,4.06,310,1.92,12,1.33,527,4.96
9463333941,462,4.80,144,3.90,844,1.22,452,2.64,746,4.50
7717463294,294,2.56,737,2.47,809,1.55,840,4.25,233,1.21
8892899809,430,1.91,566,2.22,406,4.26,349,2.76,492,3.53
9277559579,334,1.24,37,2.46,127,2.74,988,2.86,990,4.51
7217170562,898,2.10,945,1.12,431,3.48,884,2.88,439,3.44
7245857134,489,2.49,661,1.14,190,1.86,639,4.03,359,2.84
8978527692,378,4.67,459,1.70,14,2.23,236,3.20,117,1.96
9747451957,958,4.01,855,1.09,176,4.18,851,2.96,123,1.67
9420434447,168,3.01,14,2.26,633,3.95,790,2.28,750,2.66
9432492457,144,1.28,749,1.66,875,4.68,941,3.40,593,4.15
7556215170,599,3.53,931,1.41,415,3.22,187,4.76,491,2.58
9469363868,367,3.84,375,1.10,526,3.32,54,2.20,820,1.53
7646347946,705,4.90,426,2.97,934,3.78,380,4.48,540,1.47
8151362079,387,2.86,91,2.68,72,1.13,369,2.71,574,1.47
7780956226,186,4.07,848,1.05,991,2.73,142,1.01,192,2.35
9132235596,27,3.47,534,3.45,251,3.40,953,2.83,815,3.79
7095466130,571,2.75,79,1.15,893,3.84,742,3.68,338,1.91
7542622074,166,3.18,532,1.41,9,1.05,450,3.81,804,3.16
7136797576,640,1.07,984,2.97,112,4.41,929,3.47,614,4.66
7117188838,7,4.80,395,1.62,482,4.45,719,2.35,130,3.06
7517482828,485,3.60,561,3.23,591,3.25,908,4.44,245,3.07
7003064326,777,3.44,702,2.30,176,3.74,24,4.63,731,2.69
7640133204,88,3.22,222,2.05,633,1.86,775,3.76,569,4.27
7108462765,976,1.28,961,1.67,68,4.58,585,3.92,400,2.66
7613600828,913,2.17,739,4.04,10,1.65,725,4.07,415,3.56
7350540306,863,2.35,517,2.48,35,2.89,124,3.20,342,3.74
9646111071,834,4.95,484,2.26,890,3.35,401,2.59,752,2.69
8640472453,127,1.14,687,1.78,401,4.40,548,2.30,159,4.36
9238368628,609,3.03,935,3.51,254,1.04,958,3.22,518,1.73
8629077103,588,4.19,396,4.95,430,4.81,64,4.20,954,2.43
8314528616,301,1.73,945,1.90,672,1.86,773,1.75,115,2.07
9597368540,344,4.94,509,1.13,261,3.90,823,4.47,394,1.52
9984317797,241,4.35,840,1.32,738,3.72,239,3.59,832,4.59
7921649542,957,4.87,639,3.56,133,3.75,670,1.94,196,4.53
7439683622,575,2.12,261,2.94,975,1.47,741,4.33,393,2.88
8370649344,221,1.80,493,4.14,745,2.53,665,1.73,976,4.06
9649867270,15,2.68,580,2.96,747,4.25,776,4.17,849,4.85
9696290057,477,2.77,669,4.57,245,3.32,883,2.76,337,4.56
7424387261,131,2.47,859,4.48,538,4.47,98,1.29,335,3.62
7661309348,734,1.80,421,3.94,636,1.52,355,2.36,790,4.85
9009274048,426,3.58,545,3.87,18,1.96,963,1.05,547,2.98
7860469387,614,2.37,104,2.92,410,2.11,168,2.70,481,2.96
7339361178,466,3.92,549,1.63,432,4.23,827,3.76,364,1.61
9176870443,666,3.12,887,1.14,756,1.32,461,3.61,630,1.70
7967571346,539,3.80,907,3.66,223,1.76,270,4.14,722,3.91
9564216735,770,3.62,852,4.08,45,2.12,451,1.61,274,1.95
7282294620,685,3.45,973,4.01,234,2.14,569,1.06,736,3.29
7536131512,113,1.15,770,3.66,183,3.28,701,2.29,228,2.68
7536039825,436,3.69,953,2.68,516,4.00,88,1.84,24,3.08
9951039291,719,3.01,711,3.36,35,4.37,544,3.37,117,2.29
8613390182,289,4.52,673,1.05,534,3.81,551,1.81,428,4.95
7818008535,650,4.21,121,1.91,362,2.21,966,4.49,961,3.10
9441682641,736,1.51,631,3.05,519,1.07,391,1.13,580,1.60
9372044466,711,1.26,147,3.81,617,4.29,247,1.41,94,3.87
8198876076,705,1.32,779,2.31,824,2.71,525,4.20,295,2.45
7275526721,5,1.26,832,2.81,498,1.21,376,3.83,93,3.56
7239258174,325,2.45,958,4.58,412,3.35,383,3.85,377,3.12
8002360612,715,1.68,234,2.51,404,1.09,600,1.37,40,1.87
9015485274,318,3.89,609,1.93,3,4.40,470,2.78,256,4.71
8005775358,283,4.05,652,3.06,757,1.23,409,2.75,615,3.62
9576506410,684,3.98,183,3.42,999,2.34,514,1.01,765,2.18
9711886064,496,3.97,956,4.23,743,3.87,994,1.86,496,3.76
7729311966,12,4.36,676,1.65,46,1.74,79,3.79,542,3.60
9182920677,134,3.17,385,3.27,152,2.83,465,4.25,41,2.48
8660647946,476,4.14,839,2.06,922,3.65,509,3.52,748,2.76
8182704675,478,3.64,330,2.51,883,2.61,84,3.29,479,4.81
7141543212,518,1.39,898,3.30,600,4.02,308,2.43,251,1.08
7737837340,380,2.49,348,1.13,164,2.54,440,2.56,707,3.15
9820104099,275,4.77,106,4.48,384,3.41,306,1.40,956,2.73
8724718710,623,3.80,31,4.97,649,4.83,711,3.75,284,1.26
9802562533,61,1.15,7,3.19,516,4.42,497,4.07,761,4.03
8126458587,984,1.36,438,3.43,459,3.36,126,2.18,447,1.57
7180551457,577,2.03,91,3.08,60,3.06,58,3.92,424,4.76
9933840464,750,3.41,529,4.94,579,3.97,321,1.81,779,4.99
7790389760,91,1.94,434,1.49,596,2.94,836,4.74,741,1.85
8768512902,422,3.09,362,4.97,257,3.76,543,3.74,678,3.05
9061091491,505,2.17,952,1.07,66,1.94,571,2.50,596,3.67
9829610006,36,2.88,894,2.22,741,2.43,537,3.31,897,4.65
8199638505,114,2.74,207,4.91,74,2.98,196,3.12,800,3.09
8871311667,781,1.19,888,4.25,197,2.69,522,4.15,284,1.65
9698685043,833,1.12,997,3.12,136,4.65,845,2.99,187,4.65
7163243700,622,1.01,753,1.10,671,1.18,890,1.98,273,3.33
7468909918,889,4.78,600,1.66,592,4.73,600,1.09,36,4.24
8788842141,192,3.72,187,1.95,781,3.08,115,3.45,819,2.78
9389199293,240,3.65,152,3.87,416,4.63,598,3.12,796,4.21
9655261778,566,2.13,95,2.41,153,4.92,883,4.92,250,3.50
7089854216,521,4.45,576,1.24,713,3.76,839,3.21,997,1.03
9080754442,403,1.26,595,2.10,732,1.17,682,3.91,923,2.58
7684342954,923,2.82,439,1.11,494,2.91,927,3.75,417,2.55
9980853078,567,1.55,891,3.68,791,4.79,857,2.85,701,3.43
7787484524,200,4.71,288,3.90,205,3.78,23,2.18,844,1.25
8117079087,587,1.03,387,3.95,830,2.27,720,3.67,974,2.48
9134459894,978,1.37,379,1.22,584,1.49,490,3.69,244,4.96
9978577944,187,2.16,731,2.28,587,1.49,372,2.10,370,1.78
9197635708,624,1.18,149,2.22,649,1.87,60,2.66,712,3.43
9416095060,720,2.46,388,2.41,86,4.29,777,4.58,362,2.45
8566021491,186,1.80,435,1.62,993,4.31,866,4.70,414,3.07
7302406976,526,4.13,928,1.63,961,4.83,46,4.34,696,4.55
8904785196,377,4.09,259,1.94,124,1.49,365,4.43,556,2.60
8885808919,104,2.77,501,3.19,308,3.52,25,2.50,919,1.30
7085282434,96,4.82,908,4.01,276,3.22,977,2.44,584,3.58
8943691502,551,2.69,806,1.20,960,2.66,74,4.86,332,1.20
8566022717,756,2.41,187,2.18,984,1.30,287,3.31,986,1.17
7621565101,860,2.01,496,4.23,416,2.16,332,1.65,378,1.61
8132965154,555,4.86,934,4.98,714,3.98,727,4.16,477,1.22
9232888825,539,2.03,125,4.50,568,1.05,872,1.56,799,1.90
7063250274,853,1.22,388,4.39,20,1.05,48,4.95,887,4.33
9646558124,503,1.91,625,3.93,65,2.01,906,3.36,913,1.60
9712019695,83,4.43,455,3.71,24,3.66,232,2.57,803,1.54
9659778061,344,2.09,854,3.88,353,2.87,559,3.40,"1,000",4.95
9765104691,876,4.65,783,4.07,491,2.80,194,3.59,801,4.02
7075888196,889,2.18,908,1.49,429,1.77,857,4.80,108,1.52
9512478663,720,1.89,336,3.61,419,4.43,318,4.87,203,4.45
7471682890,435,4.32,742,2.04,901,4.46,230,4.39,540,4.22
7471446995,8,1.45,255,4.62,829,2.65,844,3.20,390,4.83
9344509014,151,2.54,169,3.95,209,4.43,237,3.95,931,4.95
8449124633,269,4.41,2,1.36,450,1.28,153,4.54,87,3.92
7343299944,931,3.41,395,3.39,746,3.55,236,2.07,65,3.67
9607082701,300,3.56,85,1.37,14,1.13,252,3.07,457,1.80
8772179871,433,3.96,149,3.24,217,2.18,413,4.54,551,4.44
8792101994,42,2.93,249,2.30,237,2.38,165,4.49,541,4.80
8549004429,67,4.72,825,1.06,737,4.28,914,4.35,66,2.77
7547811552,391,4.76,612,1.17,892,1.49,431,3.06,323,1.60
8619261010,527,3.72,287,3.88,94,3.27,842,3.07,69,2.00
9026257879,537,2.53,120,1.71,13,1.85,655,1.47,677,2.32
9079608150,809,4.68,666,2.51,79,2.34,495,1.75,880,1.90
9982745250,49,3.62,615,3.54,974,2.10,903,4.74,564,3.08
8362489852,715,3.47,991,2.58,21,2.41,587,1.70,504,3.89
7941733026,683,3.30,993,4.70,100,1.61,727,2.28,75,3.03
7952825899,594,3.79,528,1.79,472,2.11,112,2.91,813,1.60
8705306143,824,4.01,203,2.76,455,2.18,798,1.63,385,2.49
7143904668,425,3.04,491,2.36,481,4.91,142,3.23,620,2.10
8961030599,521,3.05,276,2.49,740,4.02,442,3.56,214,2.83
9610847567,353,3.49,173,3.37,88,2.80,159,4.45,614,2.69
9872151290,320,3.35,222,3.03,498,5.00,845,4.74,147,1.53
9088059636,521,1.23,592,4.51,421,4.28,416,1.71,412,4.03
9033892191,505,2.80,342,3.74,401,1.98,348,3.85,43,2.91
7838081618,331,2.52,501,3.40,309,3.55,426,2.98,746,3.13
9026127084,858,3.72,456,3.85,42,3.81,32,2.54,816,1.53
9247551063,309,2.09,931,2.99,382,1.59,953,3.14,341,4.84
9871797755,794,4.70,624,4.61,459,2.19,759,1.62,63,1.10
8674570298,368,2.02,526,3.49,462,2.37,725,2.34,178,4.66
9432887410,557,2.18,137,1.95,650,4.71,925,3.73,362,3.77
9005349389,592,2.26,547,2.56,447,4.02,711,3.73,656,1.81
7282156330,180,4.97,987,2.28,412,2.43,450,1.95,602,1.59
7171394605,624,1.15,817,4.92,993,1.03,970,1.91,624,3.10
8131140869,90,1.40,533,4.83,183,1.58,954,3.81,358,1.39
9808450457,362,3.66,857,3.20,68,1.21,988,2.03,375,3.36
7624732375,553,1.77,789,1.62,3,4.25,645,3.66,135,2.45
8879415640,941,2.23,95,4.11,789,4.64,914,1.06,476,1.32
7469553882,643,2.80,641,4.25,288,3.39,151,1.82,327,4.85
7792237772,943,1.05,378,2.27,121,2.69,332,2.64,758,1.95
7958779372,52,2.48,266,1.73,915,4.13,459,3.38,830,1.96
8074534725,302,1.39,959,3.53,603,2.06,996,3.62,843,4.81
9573438530,849,1.51,244,2.74,13,3.01,128,2.35,578,4.36
8594130300,701,2.93,753,2.82,763,4.91,509,1.70,367,1.52
8780728307,276,4.26,142,2.07,915,2.54,168,2.58,692,1.10
8595303882,98,1.56,942,4.80,804,2.00,17,3.33,450,4.78
9970682358,703,3.17,854,3.48,21,1.71,317,3.07,568,1.29
9677593345,605,1.24,945,1.51,923,1.44,866,1.79,19,2.76
9594347740,232,2.54,606,4.78,599,3.70,975,3.94,959,1.22
7811292223,158,1.96,349,4.06,883,4.75,582,4.24,310,2.76
8438469152,746,3.99,326,2.58,222,4.71,723,5.00,59,1.95
9402769351,273,2.28,651,2.61,514,2.51,671,4.55,246,2.84
9267908746,879,3.08,52,3.08,139,3.84,149,4.95,642,4.42
8892809375,747,2.81,582,2.50,445,2.59,543,2.97,416,3.71
9149480902,22,4.07,128,4.17,789,3.68,738,3.62,574,3.72
7855772758,293,4.28,287,1.57,686,3.67,252,2.64,71,2.80
7358284710,440,2.43,219,2.24,665,2.45,681,1.47,354,1.39
9298004936,993,1.41,933,1.98,634,2.68,868,4.91,875,1.48
9768259661,583,1.35,583,3.24,883,3.76,750,4.17,948,1.02
9311813143,922,4.13,119,2.50,725,3.77,37,1.31,184,1.36
9979565214,862,2.38,639,4.96,190,4.43,873,2.79,821,4.37
8594670302,443,4.41,17,4.81,199,3.58,672,3.14,217,1.69
7115864457,570,2.25,556,2.75,555,1.02,604,1.28,966,3.04
7685167547,501,4.77,375,3.15,405,1.89,809,1.19,868,2.33
9341151918,74,1.11,527,1.88,199,1.75,479,1.02,726,4.03
7738748432,712,2.32,321,1.53,656,1.11,345,2.09,817,3.86
8750239316,124,2.34,393,3.92,635,1.66,154,4.04,376,4.57
9338769227,137,3.47,418,1.74,884,3.51,765,2.65,233,4.25
8114542402,933,4.90,510,4.82,329,4.25,297,2.52,766,1.88
7547122539,435,1.08,588,3.63,260,4.79,1,1.01,660,1.88
7910729104,653,3.12,103,2.07,603,3.21,440,4.88,787,4.22
9699505934,527,2.76,309,1.15,489,3.52,214,1.25,601,1.63
9381855709,19,4.85,838,1.48,758,2.49,379,2.00,87,2.93
9893499856,962,2.82,963,3.34,734,2.49,690,1.01,875,2.66
9417397676,238,4.21,74,1.21,725,2.81,267,3.34,230,4.99
9358642773,968,2.25,350,2.87,948,2.47,981,4.65,136,4.28
7838950792,634,4.49,982,3.40,211,2.11,225,4.98,471,2.38
9642567064,527,4.65,131,3.15,976,4.61,97,4.72,773,3.97
9385626914,166,3.07,832,1.48,961,2.96,181,5.00,391,1.66
7469707404,913,2.80,431,4.26,926,1.44,884,2.56,26,2.14
9009361529,706,5.00,744,3.77,716,2.58,619,1.48,937,4.93
7192435335,827,1.40,896,3.32,184,3.33,660,2.59,332,1.43
8622685466,896,3.53,613,2.74,427,1.65,139,4.71,796,3.99
9094675218,631,3.65,268,1.45,920,2.12,814,2.02,816,4.13
9626394648,440,3.57,294,2.86,528,2.00,2,2.41,638,4.45
9509519767,231,3.39,914,4.12,113,4.28,349,4.62,340,3.54
8466585883,956,3.30,767,4.50,425,3.42,369,4.42,460,2.11
8160686594,823,1.80,862,1.42,878,3.44,302,1.68,731,4.40
9623732774,893,1.83,766,3.67,831,2.55,522,3.56,201,4.81
7973025715,72,1.09,525,4.83,438,4.34,526,1.63,650,2.77
9299196711,537,3.61,268,3.33,309,4.29,213,4.66,769,1.10
8698882455,271,4.14,764,3.71,89,3.22,617,3.23,40,2.48
8430742031,860,1.83,309,1.71,144,4.48,166,2.72,911,3.43
8211881952,724,1.59,898,2.49,396,2.51,620,4.92,259,3.66
9752223883,819,1.32,845,2.06,706,4.86,948,2.09,625,1.20
9129018262,836,3.82,971,1.10,204,2.42,752,3.78,829,4.82
7420724209,699,4.44,740,1.38,558,1.19,595,4.80,385,4.29
9560005686,437,2.97,959,2.24,195,4.01,565,2.32,159,1.82
8489930207,292,4.50,513,1.83,873,2.82,877,2.07,112,4.66
7592036099,419,1.32,544,1.96,453,2.20,862,1.38,750,4.00
7810409937,21,1.84,200,4.81,205,1.14,611,2.59,605,4.23
9327196842,110,1.40,780,4.37,877,2.35,200,1.60,183,4.88
9362181415,584,1.94,501,1.35,188,4.97,189,4.69,203,3.51
9756671064,675,3.56,268,1.38,401,1.49,996,3.21,566,1.34
9001649455,360,4.70,437,3.76,600,3.35,364,1.74,496,1.03
7536208594,487,2.96,410,1.82,609,1.39,104,1.11,286,3.21
8435468452,578,1.52,874,4.45,61,4.10,376,3.29,291,3.48
9108562794,610,3.69,958,1.87,815,3.39,208,3.00,592,3.10
8812854266,236,1.89,634,2.41,754,2.13,724,3.89,409,1.15
8197038540,472,1.14,349,3.31,587,4.47,559,4.72,974,3.54
7964829410,828,1.89,353,2.18,789,2.73,213,3.76,546,4.23
9348441845,350,4.78,215,4.86,483,3.85,363,2.92,362,1.85
9038568367,242,3.36,918,3.62,199,1.74,445,2.47,173,1.77
9045621114,506,1.99,119,1.89,36,2.28,607,2.89,850,3.24
9711470758,550,2.45,101,4.70,107,3.17,581,1.82,374,1.07
7851118698,688,4.15,730,3.55,60,1.13,245,4.60,92,3.54
8485137712,67,1.83,932,4.35,324,2.77,19,2.96,596,2.79
9884113185,240,3.83,637,1.91,989,4.75,404,2.96,455,4.38
8493377959,700,2.01,507,3.01,459,3.84,638,4.43,508,2.45
8811247858,240,3.49,476,4.48,277,1.51,771,2.66,781,1.46
7103662549,577,2.17,139,3.18,660,2.82,364,4.32,577,1.56
9662115555,941,3.48,356,2.39,825,2.69,325,4.47,897,3.41
7267404202,919,1.21,221,1.95,276,3.27,131,2.59,482,2.37
8476450618,277,3.44,344,2.47,96,1.60,418,3.08,33,3.89
8266416903,374,3.96,724,3.23,20,3.28,752,3.16,208,4.04
7831786631,344,2.06,373,3.74,744,2.18,535,4.58,951,1.49
9216442123,354,4.99,975,2.46,759,1.79,834,3.70,520,3.93
9621179422,589,1.99,85,2.05,641,4.86,176,2.12,920,2.58
8842400914,447,4.10,276,3.60,619,2.83,599,3.62,512,3.00
8364346155,906,4.13,960,1.72,670,3.72,980,3.46,589,1.32
9663572407,630,2.19,948,4.47,946,4.36,430,4.72,111,3.16
8833504078,935,1.24,615,4.21,983,2.58,622,1.96,492,2.76
7597777400,848,3.07,593,4.74,593,3.51,33,4.34,732,3.14
8514182376,677,1.28,238,1.67,262,3.08,998,4.67,155,1.60
7598409192,498,4.71,704,2.48,86,4.44,296,4.29,778,3.53
8944454311,937,3.75,36,1.65,123,3.03,941,4.76,727,3.90
8794902623,498,3.63,311,2.57,542,3.81,372,3.51,281,1.62
8992844159,228,4.08,928,2.91,2,3.68,19,2.42,641,4.84
9628461681,909,1.12,959,3.15,571,2.33,17,1.01,820,3.99
7632999162,482,1.29,935,3.06,734,4.96,975,3.42,58,1.91
7722879420,542,3.53,204,3.05,998,2.81,915,3.50,773,1.87
9228194926,361,3.28,417,4.36,566,3.69,47,4.72,766,3.71
7378661465,562,1.20,718,3.04,984,4.17,618,2.14,50,1.19
8636542450,971,3.08,811,3.94,528,1.13,638,4.58,743,4.08
9613081249,899,1.14,333,1.93,971,3.75,678,1.86,781,3.32
9908114947,547,2.34,559,3.13,936,1.55,899,2.34,815,3.66
9719327604,168,4.50,527,1.72,985,4.64,784,3.87,777,2.67
7320086817,2,4.22,696,2.36,287,2.14,268,4.24,727,1.19
9668237030,879,1.44,421,3.25,947,2.98,985,4.45,197,2.73
8262200291,304,4.09,956,3.29,952,1.04,394,2.52,454,4.99
7784115812,968,3.08,876,2.44,90,1.72,602,1.39,589,1.49
7376399610,302,3.66,321,3.14,925,4.23,765,1.62,773,2.40
9613478923,40,3.35,97,3.50,7,2.83,49,1.24,348,3.88
9376237647,966,3.61,647,4.55,275,1.80,944,3.47,962,4.11
9607683229,273,1.70,24,1.61,595,4.68,577,3.93,665,3.41
9781740220,20,2.20,384,2.81,156,1.21,583,1.46,974,3.22
9322968097,655,1.87,919,4.92,940,4.23,931,2.63,281,1.27
7931889286,566,4.19,421,1.96,950,2.19,279,2.42,608,3.08
9740110526,25,3.66,742,1.19,176,1.45,959,3.02,668,2.78
8543352485,670,3.90,780,1.00,573,2.29,904,4.42,979,2.10
7851383528,458,3.86,307,2.86,517,3.68,552,2.97,821,4.55
8563388327,756,2.37,226,4.48,52,2.55,233,3.47,109,1.37
8483853830,683,3.49,785,3.34,918,4.63,640,3.15,465,4.47
9795140220,359,1.49,851,4.48,265,2.00,601,1.96,493,2.04
7056910522,532,1.18,778,4.72,293,4.31,602,2.91,342,3.44
8430132950,24,1.04,350,1.46,85,1.75,820,3.87,391,4.68
7256294207,924,4.61,67,3.42,815,4.31,136,1.00,217,1.88
9756571895,77,3.10,4,3.48,268,1.82,789,1.15,905,2.71
8787855077,517,1.76,147,3.27,604,3.79,543,3.32,358,1.73
9083183847,602,2.38,366,2.87,133,4.99,50,2.92,105,2.97
9523794163,942,1.31,838,2.53,988,4.93,438,4.55,583,2.41
8211838739,174,2.79,267,4.69,444,3.92,74,1.83,121,1.49
9133432938,511,4.45,562,4.07,651,2.66,60,4.55,355,2.12
8521759744,833,1.94,16,4.39,936,1.80,180,2.33,599,2.45
7687950746,83,4.41,422,4.14,541,3.71,504,1.96,664,2.60
7396032047,917,3.01,342,3.79,863,3.86,79,1.84,526,1.89
7443515661,489,4.70,365,4.51,591,1.33,487,1.80,825,3.57
8807196061,316,1.62,351,4.84,204,2.67,851,2.63,689,1.30
8970373916,861,2.96,268,3.83,335,3.04,672,4.86,407,4.81
8395385836,432,1.41,613,3.98,22,2.26,969,3.37,445,3.59
8316514838,61,2.58,912,1.18,193,4.22,103,1.90,364,4.47
8296705588,812,2.29,474,3.25,195,1.34,987,4.92,630,3.98
7135403170,401,2.62,845,4.34,620,2.92,219,1.46,273,2.62
8369890871,581,1.02,143,1.53,785,3.94,330,4.29,362,4.82
9161829626,899,3.49,575,2.96,773,3.21,858,1.31,52,1.90
8826303609,864,3.41,62,4.10,900,3.41,380,1.34,772,2.01
9331218309,933,4.37,969,4.53,770,3.36,316,4.58,844,3.03
8424028062,518,1.74,408,2.26,287,4.89,85,4.26,365,2.20
9748090246,59,3.13,349,1.08,257,3.74,197,4.44,556,4.48
7395145036,359,2.91,588,3.44,771,3.99,11,4.15,648,4.08
9940387286,574,2.87,504,3.78,635,2.64,139,1.13,732,2.93
7251795722,455,4.67,837,3.87,662,2.27,618,2.18,336,2.05
9472645103,461,4.73,727,1.29,59,2.34,11,4.28,887,3.91
8658660186,931,1.23,825,3.07,984,2.89,976,3.18,795,4.05
8987488034,457,3.43,31,2.34,199,3.44,846,4.67,908,2.36
7017910634,425,2.40,703,2.22,773,4.08,262,2.40,381,3.92
8446442603,395,4.83,885,1.05,910,3.62,600,3.73,868,1.14
7556314909,566,1.73,154,2.59,676,1.80,166,1.04,968,1.19
7520734694,373,4.64,205,3.00,101,3.69,807,3.78,461,1.07
8346121506,819,3.39,838,2.75,814,2.82,776,2.99,309,1.05
7595477930,996,1.68,780,3.92,530,4.83,348,1.59,233,3.50
8832755460,594,3.69,85,2.25,186,2.12,569,4.99,779,3.03
9006409083,702,2.07,77,3.10,809,3.42,823,1.14,21,3.27
9143055583,787,4.99,776,1.42,879,3.76,917,4.41,740,2.23
8738360301,131,4.24,77,2.88,545,1.89,500,4.98,263,4.69
8852137543,823,1.13,215,3.34,42,4.41,920,4.31,982,1.62
9347486488,640,1.14,900,3.33,455,3.63,376,3.83,393,1.03
7400124453,822,2.44,122,4.66,840,3.02,399,2.10,680,4.64
8926275134,284,4.26,19,1.30,298,3.55,694,2.73,110,4.34
8560840759,730,1.17,53,2.32,621,3.42,644,3.24,858,3.43
7052683431,5,4.42,183,4.34,586,2.60,156,1.82,161,3.36
8409023847,124,2.35,263,2.71,101,4.29,862,3.39,637,3.85
9081247549,404,3.29,672,1.24,444,1.34,128,3.51,182,4.72
7510638785,942,5.00,431,3.32,700,1.60,292,4.28,401,1.52
9387741999,121,3.48,16,3.40,387,3.69,416,4.93,276,3.24
8209968307,557,2.16,732,3.97,59,3.17,653,2.34,623,4.76
9276171779,793,3.23,160,1.84,478,4.00,525,3.47,257,3.36
7277393686,458,3.38,470,3.31,363,1.15,936,2.01,271,4.18
8554265456,584,2.61,938,4.40,110,1.86,894,1.54,911,3.85
8835312890,312,1.93,815,2.61,377,2.06,514,2.67,606,1.67
8613741520,477,2.19,786,3.42,577,2.23,281,1.02,206,1.42
9175778902,313,3.64,287,4.63,954,3.41,244,4.19,711,2.86
9569050800,890,2.48,872,3.26,752,1.23,339,3.13,93,2.11
8178731092,561,4.01,225,1.05,372,2.69,512,4.55,261,1.05
7015959978,674,2.34,213,2.03,421,2.23,432,1.44,470,4.21
9940650713,643,2.12,911,2.96,55,1.72,152,2.21,901,3.44
7859891165,225,1.05,872,4.08,238,4.67,903,3.90,873,4.74
7805374283,741,4.99,939,1.68,114,4.92,780,3.48,92,1.51
8612113902,276,1.44,54,4.23,873,3.99,353,3.11,697,3.89
9649282249,368,4.98,121,3.68,664,2.57,386,1.84,429,1.67
8545737739,912,1.93,739,2.12,626,1.84,929,1.71,88,1.19
8297082931,244,1.40,519,3.29,68,1.24,919,2.83,258,2.26
7535166012,471,4.72,561,4.59,667,4.85,321,1.92,170,2.85
7477466646,937,1.43,144,4.50,76,2.99,258,2.14,870,4.85
8816155915,317,1.27,743,2.88,134,2.71,885,3.52,932,2.41
7222164153,641,3.62,502,2.66,368,1.40,122,2.42,693,4.71
9474761661,911,2.94,276,1.94,495,2.06,337,3.77,927,1.51
9136460971,846,2.14,443,3.37,120,1.28,462,3.60,652,2.64
7387472634,194,1.58,989,3.56,950,4.91,490,3.48,912,3.87
8376381011,741,1.41,689,2.83,34,2.59,373,2.67,339,4.48
7729472942,76,3.17,795,2.69,148,1.15,857,3.62,720,3.29
8227278179,888,1.05,34,3.68,758,2.87,814,3.39,680,2.98
8173637949,766,1.44,192,3.82,171,4.01,273,2.99,904,3.92
9415113811,84,1.61,422,2.39,729,1.78,289,4.73,585,4.47
8474950244,696,4.12,58,1.30,589,1.71,326,3.00,198,2.40
8538268228,349,3.27,52,1.53,224,4.30,156,4.71,421,2.05
7308156152,65,3.59,872,2.45,306,4.92,107,2.77,380,1.69
9641530684,690,3.31,173,1.29,902,3.39,441,3.96,240,4.21
9530159496,430,4.65,775,4.27,122,1.26,645,2.57,972,1.25
9009270835,584,3.21,507,1.23,158,3.39,861,4.12,407,2.23
9568423693,263,4.34,260,4.80,193,1.75,480,2.32,31,3.84
7544862838,161,1.12,31,3.67,357,1.05,237,3.44,618,2.16
8751720761,142,3.20,926,1.63,31,3.05,997,3.46,446,4.98
8283669284,711,1.79,462,1.78,471,4.37,681,1.93,368,1.02
9465375445,70,4.65,401,3.35,290,2.16,518,2.87,338,2.19
8237928614,439,3.89,914,3.12,627,4.70,699,2.69,577,4.27
7265442747,453,2.82,436,2.43,352,2.37,642,4.11,559,2.07
8983891516,355,4.74,58,2.51,864,4.04,850,1.52,443,2.92
9285043008,414,4.03,265,2.62,639,1.55,29,2.99,843,1.63
8066173991,840,1.24,607,4.81,706,1.58,713,2.30,584,1.33
9624502611,454,1.52,448,4.03,659,3.08,592,4.26,841,4.54
7900693640,660,4.91,126,4.62,231,1.94,686,4.50,182,3.09
9236711545,965,3.56,846,4.53,18,1.16,104,1.19,147,2.36
9022647765,169,3.66,922,3.97,977,4.45,592,1.67,145,2.52
9225705230,716,4.64,832,1.90,19,1.12,319,4.91,419,2.55
8279809367,28,4.55,312,2.65,383,2.38,134,1.80,296,4.88
7981145272,242,1.01,548,3.52,36,1.42,21,4.58,893,1.68
8522979059,996,2.24,599,1.15,426,1.71,21,4.58,174,1.63
9867414146,9,4.91,821,3.58,495,4.73,868,1.77,868,4.99
7530317941,282,2.51,953,4.95,829,1.31,950,1.46,360,2.12
9623089974,340,2.54,355,1.55,222,2.61,487,3.89,280,1.67
9550024562,458,3.84,761,3.76,460,4.59,729,3.86,143,1.41
7605802115,352,1.03,916,3.58,869,1.94,49,3.12,63,2.97
8074558658,226,4.36,135,2.88,543,4.10,504,3.32,930,2.17
7582902010,544,3.98,576,2.26,342,2.19,486,3.98,840,1.80
8648612569,117,1.84,7,4.29,930,4.13,464,1.66,92,2.49
8417483126,316,2.20,467,4.76,448,3.16,561,3.55,401,1.60
7500181851,788,2.29,644,1.87,932,4.98,384,3.24,771,2.54
8549020367,342,3.98,169,4.43,483,2.87,244,4.13,534,4.71
9388109207,758,4.21,470,2.65,170,3.20,98,2.75,820,4.34
9914303284,698,3.68,558,1.18,113,3.57,246,2.55,75,3.14
9724097110,227,4.83,795,4.25,476,4.30,278,3.17,168,3.30
7777667612,615,4.21,914,3.92,674,2.65,92,3.18,407,4.45
7783421331,180,1.14,448,1.21,148,2.12,957,3.46,862,2.69
8001217355,978,2.73,107,1.79,16,2.94,815,1.34,257,4.86
8436821955,84,1.31,303,2.75,725,4.41,830,3.66,512,1.90
8248733857,21,4.85,968,2.42,57,3.13,234,1.90,347,3.30
8845055659,306,3.76,397,1.79,62,1.34,702,3.38,56,4.90
9733817254,193,1.87,305,3.92,544,1.63,732,4.97,358,4.57
7427376223,863,2.98,680,4.68,632,2.16,435,1.05,632,2.67
9926675214,835,4.47,556,2.08,878,1.13,709,3.61,694,4.40
9091179432,221,2.46,407,3.24,948,1.55,327,4.72,804,1.73
9157449067,133,3.03,821,2.14,470,4.47,118,1.11,752,3.40
9621857893,629,3.84,871,3.73,406,1.07,167,4.16,568,1.76
9325386984,784,2.67,822,2.28,825,2.02,38,3.42,739,4.34
8627411044,949,2.16,472,2.93,155,2.77,137,4.30,357,2.91
7538193241,991,1.38,374,3.27,415,1.23,845,4.45,611,4.62
8648969919,979,4.98,57,1.33,360,2.90,312,2.42,748,1.43
7152478460,618,4.51,121,3.75,473,1.75,352,1.12,365,3.05
9778513779,58,1.03,143,2.75,743,4.78,767,1.09,682,1.04
8453223108,879,4.50,608,3.13,30,1.37,208,4.24,737,4.03
9794531732,114,3.54,856,4.52,461,3.86,208,2.46,777,4.93
9507881937,467,3.05,251,2.23,857,1.95,11,2.11,362,1.05
8963619264,415,4.13,394,4.85,159,4.47,575,2.33,786,1.24
7748893009,831,3.54,388,1.88,535,1.72,791,1.82,550,4.87
9257851214,937,4.17,385,4.30,521,1.11,338,3.07,293,3.53
8482808468,226,1.16,414,2.82,457,3.23,972,3.44,183,3.31
7292348452,703,4.42,787,3.82,759,2.38,996,1.04,532,2.98
7330111085,207,4.21,921,3.54,517,2.98,485,1.73,617,2.76
7574306358,423,3.93,852,3.44,258,4.80,906,3.49,590,1.01
8258748865,512,2.79,909,3.38,85,2.88,452,3.18,157,1.98
9072293499,487,4.54,256,2.59,19,4.05,690,2.11,316,1.56
8183980619,636,2.21,348,2.45,118,3.45,724,1.17,363,3.45
9457620527,673,2.56,688,3.63,668,3.35,330,4.96,989,1.26
7589018110,943,4.96,845,4.00,477,4.24,620,4.36,425,3.08
9709980749,950,1.88,112,4.59,496,2.60,566,3.61,166,1.72
7532646272,893,4.77,696,4.36,18,3.99,402,3.50,870,1.05
7957414618,406,3.24,374,2.95,429,3.10,364,2.61,131,2.25
7961081430,769,2.59,372,4.84,586,1.79,381,1.71,136,3.46
7105113674,618,4.39,81,3.58,902,1.88,2,4.57,105,4.80
9762406095,352,1.07,343,2.80,861,2.69,73,2.44,903,1.51
9246708048,804,1.51,464,3.68,274,4.16,829,1.39,666,4.00
7215441598,121,3.45,220,3.52,856,3.39,471,4.31,647,1.22
8906859767,636,1.48,472,1.59,847,4.80,862,3.98,851,3.92
9942653503,907,1.26,373,4.58,11,3.07,342,4.77,548,4.98
9673211073,949,1.58,480,3.33,562,3.52,126,3.28,61,3.78
9250947874,399,3.35,546,4.31,992,3.63,433,4.43,769,3.68
9610606751,470,3.64,798,2.51,96,4.16,140,4.12,202,2.57
7833937969,526,4.72,498,2.93,771,4.53,602,4.10,127,1.75
7915627240,290,3.82,654,2.81,496,1.30,3,1.52,448,4.34
9262290882,573,4.93,384,4.23,997,3.73,207,3.71,319,2.24
7793023357,72,1.06,431,1.71,412,2.57,277,4.91,663,1.24
7970248808,792,3.27,397,2.10,499,4.61,489,3.54,263,1.60
9441947233,848,4.41,711,2.85,683,3.09,295,2.93,748,2.13
8944519337,401,4.00,183,2.33,499,1.94,366,4.96,489,4.31
9938335665,870,4.82,137,1.09,338,4.75,550,4.72,178,1.27
7605752971,125,2.08,663,2.18,213,3.96,717,1.90,260,1.03
8916513659,138,1.15,164,4.38,15,4.41,575,4.20,519,3.55
8636004538,850,4.91,238,3.38,631,3.91,274,2.71,822,1.43
9092167504,158,3.03,550,4.20,468,2.80,49,3.92,19,4.68
7458689092,534,1.98,715,1.64,623,1.55,187,3.12,170,2.33
9603492406,974,4.35,812,2.13,54,4.14,933,1.21,227,2.09
9105957343,241,2.94,11,4.06,991,2.97,676,2.71,799,1.82
8064528249,703,1.47,945,2.63,73,3.84,113,4.82,183,1.15
7802095028,84,3.77,341,4.53,713,4.96,496,1.70,213,3.03
9882770197,664,4.73,424,1.08,404,2.94,335,3.15,915,2.34
8760591245,863,1.03,614,2.96,445,1.81,493,1.67,308,4.67
7923544921,677,3.01,864,2.35,132,2.46,293,2.36,878,2.78
7774393426,429,4.38,758,3.83,267,1.30,278,1.73,430,3.43
8698703097,253,3.33,770,2.95,753,3.64,274,4.61,462,1.89
8372234139,110,1.04,984,4.62,790,3.42,839,3.32,516,2.19
9155649656,224,1.48,444,3.38,131,1.47,186,1.02,921,4.09
7221738086,105,3.52,343,1.87,993,3.67,970,4.35,724,1.06
9950125405,808,1.39,518,2.61,558,3.42,671,1.44,887,2.95
8361041085,379,2.64,511,4.60,566,4.85,537,4.12,923,4.75
7546658954,253,2.25,529,3.08,186,1.34,694,2.36,134,1.56
8933945771,428,4.48,410,1.30,143,4.65,947,3.21,668,1.56
8746615244,935,1.06,641,3.28,572,4.91,224,1.34,423,2.75
7208398532,276,4.24,137,4.10,504,3.73,647,2.69,599,1.34
9016811182,294,3.14,891,2.83,336,3.88,585,4.70,69,4.32
9014353987,185,1.80,699,1.46,742,1.68,139,4.73,749,4.89
8212676729,987,1.01,347,4.66,675,2.06,671,1.31,298,4.61
7315363219,875,4.92,201,3.06,411,4.85,771,4.32,893,4.33
9749136677,488,1.94,145,2.27,89,4.49,386,1.44,658,4.39
9730864142,477,1.66,465,3.87,878,3.91,535,2.80,913,2.40
7750194901,671,3.84,687,2.72,709,1.66,674,4.57,444,4.68
7601696058,68,3.75,553,2.05,493,3.02,174,4.58,115,1.10
8063477265,51,2.15,187,2.71,538,4.61,983,1.31,595,3.87
7535463714,386,1.39,295,3.37,628,3.37,224,2.74,585,1.63
9510580032,14,1.19,351,1.27,283,2.70,270,3.33,582,2.27
9729190163,261,1.60,691,4.27,393,3.40,958,1.41,975,3.38
8782581956,787,1.30,252,2.07,656,4.57,494,3.16,548,1.63
7272892699,341,4.11,79,2.84,581,1.98,851,1.98,531,4.37
9506719468,887,3.65,308,4.21,752,4.26,113,1.98,395,2.70
8110482849,956,3.72,958,1.57,455,1.49,848,1.78,800,2.75
9126338928,497,3.33,895,4.90,571,2.56,232,2.67,532,2.88
7921338904,341,1.07,748,2.05,48,3.31,659,4.50,232,4.81
7749997407,558,3.26,285,2.42,821,2.05,945,4.89,748,2.71
8203909524,959,2.21,56,2.03,2,1.93,323,2.14,771,1.34
8351358036,343,1.51,511,3.86,922,1.99,868,1.43,26,4.11
7567711467,419,3.30,699,4.36,395,2.58,475,2.40,643,3.42
8006702034,960,1.65,276,2.14,485,2.50,30,1.68,152,1.30
8801261969,263,2.64,408,1.03,617,4.49,137,2.92,748,4.12
7904206715,518,3.26,196,2.11,635,2.77,112,1.93,653,2.80
8093480214,1,1.47,31,2.01,114,1.79,325,3.54,496,1.36
8338191981,659,1.73,535,3.04,269,4.31,467,3.97,940,3.96
7665666185,852,3.99,126,3.19,739,2.23,485,2.17,401,3.73
9741964715,802,1.48,53,3.16,670,4.92,481,4.72,528,2.45
9259424137,46,1.53,995,1.78,545,1.54,538,4.88,534,4.90
7958868330,696,1.93,771,2.67,967,2.54,634,4.42,862,1.31
9876554273,969,2.19,607,3.30,44,2.17,345,2.74,704,2.31
9550256139,822,1.69,260,3.45,609,2.06,18,1.48,583,4.30
7013335890,119,4.86,319,1.48,383,2.37,510,4.11,326,2.85
9485158506,792,4.91,495,1.35,333,3.04,193,2.30,42,4.01
8641062569,590,4.30,43,3.46,422,3.67,751,3.94,46,3.38
8002661848,114,3.47,499,4.33,142,3.08,6,2.11,467,2.19
7442282740,785,2.63,263,1.26,371,1.17,502,3.51,550,4.48
8477616237,604,1.66,720,2.52,441,4.26,361,4.13,520,1.00
9616510481,148,1.74,330,4.63,553,2.63,32,2.08,472,3.97
8061886066,311,3.78,551,4.75,785,1.56,50,3.63,840,2.11
9177941001,972,3.11,590,2.25,818,1.56,126,4.53,897,2.69
7536494710,984,4.99,490,4.41,672,4.42,424,1.82,834,4.91
7016274502,764,3.63,184,3.80,344,2.87,274,1.11,847,2.30
7395816753,43,2.43,173,1.10,430,1.37,68,1.10,165,4.76
8061987136,204,3.62,826,2.29,846,1.71,420,4.83,982,4.21
9895682519,478,3.45,926,3.99,520,4.89,683,2.80,335,1.65
8357441357,505,4.43,458,1.00,758,4.71,533,3.32,935,1.13
7279104288,373,3.24,554,1.81,529,3.91,53,2.13,293,2.65
8069213948,824,3.73,452,3.51,495,4.53,644,2.67,919,1.43
7590223206,478,3.36,753,3.17,689,1.84,299,4.47,209,2.17
8103469915,444,1.24,937,1.34,806,2.08,567,3.63,679,4.02
8484541888,866,1.36,970,4.92,32,3.36,675,3.38,468,4.26
9905113853,644,1.58,930,3.36,92,3.81,193,2.03,437,1.60
8708469278,775,4.22,516,4.31,186,3.04,732,1.68,404,3.27
7083392884,533,4.76,135,2.20,708,4.36,101,3.46,199,2.66
9278921497,604,4.18,429,4.37,368,1.51,63,4.53,546,2.48
9752998484,619,3.92,713,1.85,536,4.96,285,1.47,697,2.16
8590619346,449,1.28,945,2.71,357,3.80,752,1.30,924,1.47
8186085824,574,1.29,850,4.98,509,4.05,897,1.36,273,2.58
8412333162,745,2.28,419,3.14,94,2.57,326,4.24,534,2.10
9511823058,476,1.50,614,2.73,369,4.21,302,2.28,200,1.79
7543301573,296,2.22,170,1.41,88,4.99,205,2.84,186,4.82
8180482701,781,3.84,523,3.34,652,4.58,159,2.81,330,3.27
7394342058,452,3.87,86,4.99,4,1.39,689,3.34,763,1.56
8792616860,424,2.77,195,3.24,798,2.87,937,4.56,422,1.99
8525977436,275,1.95,739,1.87,610,1.10,10,4.95,416,4.74
9067613255,737,3.62,636,1.42,303,3.47,22,4.19,210,2.09
9510397244,269,3.20,405,1.03,817,3.59,281,2.00,299,1.47
8667410922,343,3.23,74,4.22,67,2.34,543,1.16,85,2.84
8826033397,660,4.48,665,1.87,638,3.31,81,2.99,273,2.64
7007850859,734,2.16,692,4.01,411,2.90,165,3.20,225,4.08
9817678750,288,2.33,199,4.72,748,1.02,924,2.04,398,1.43
7161055652,101,1.50,272,1.17,786,2.64,319,3.92,198,1.60
7936945517,855,1.78,938,4.20,775,3.44,144,3.35,163,3.52
7841600637,782,1.08,547,1.94,812,1.08,804,4.91,281,4.85
9547295763,676,2.83,77,1.63,556,3.03,527,3.12,112,3.56
7157922035,890,1.54,22,2.12,178,4.13,241,2.11,268,4.03
7651410698,96,4.57,218,1.38,412,1.88,638,1.70,964,1.26
8971303483,809,3.99,99,1.04,864,2.49,591,1.75,84,2.83
7315438745,406,4.70,626,1.59,896,4.95,870,1.93,360,2.10
7574843615,723,1.81,660,2.83,308,1.06,872,1.66,319,2.84
7160829859,476,1.09,664,2.23,562,3.29,180,4.92,94,1.70
7963813931,809,1.43,611,3.60,409,2.25,186,2.46,702,2.05
7331595221,257,3.14,432,1.42,74,4.31,908,1.23,55,3.72
7192206328,491,1.22,520,3.18,761,4.82,452,2.98,620,3.30
7705867437,17,4.66,118,3.31,348,1.15,273,1.90,146,2.50
7646235127,964,3.30,198,4.80,52,4.83,519,2.32,997,3.60
9837929654,442,2.46,775,3.98,504,4.22,896,3.77,111,3.82
9953795978,226,4.25,941,1.37,369,3.40,903,3.89,269,4.43
8736861777,734,4.10,75,1.08,97,1.07,247,4.93,552,1.53
9974960469,23,3.82,226,3.11,63,2.22,24,3.92,700,1.08
8852172646,419,3.74,69,3.79,488,4.29,929,3.94,430,1.37
9125578804,452,1.29,819,3.64,890,4.89,662,3.67,15,1.71
8019575866,906,3.93,175,1.85,244,1.77,610,4.75,962,2.99
9998135767,418,1.29,658,1.05,386,1.94,342,2.45,149,4.14
7383819804,727,3.52,381,2.74,115,4.67,726,2.27,176,3.72
7878687612,795,4.70,321,4.24,806,1.68,458,4.59,972,1.79
8355380742,7,2.25,152,3.40,512,1.75,284,3.28,314,3.02
7943602044,948,3.88,622,1.27,547,3.86,288,3.00,956,3.36
7683801898,942,2.13,620,4.39,387,1.62,743,1.50,933,1.79
9032988017,209,2.28,668,3.37,595,1.04,463,4.86,132,1.07
8892161020,1,3.33,459,3.26,63,4.57,428,4.78,794,1.88
8690122336,984,1.53,693,4.45,478,2.23,84,1.86,133,2.74
9341952981,59,1.05,215,4.21,894,1.98,943,3.44,588,1.20
9002958611,499,3.00,132,3.65,161,4.88,429,1.64,777,4.83
7794346187,971,2.84,27,1.59,587,4.68,799,3.61,147,2.59
9034306023,514,1.35,692,3.95,510,2.04,128,1.10,419,2.81
7854942324,903,1.71,367,2.29,620,1.11,809,3.30,991,3.67
7496536365,14,2.55,626,3.09,287,2.25,725,3.76,252,4.52
8111477542,275,4.62,847,3.59,532,4.82,874,3.40,37,4.99
8721881351,523,4.58,3,1.59,82,3.87,834,2.65,877,2.78
7372095649,401,3.24,219,2.01,705,1.66,427,2.70,759,2.21
9103284766,654,1.51,566,3.00,280,3.38,413,2.92,675,3.96
8866998307,683,1.03,366,3.43,933,4.80,170,3.66,427,1.16
9598807685,486,4.32,672,1.69,907,4.58,294,1.01,971,2.84
7617616398,774,1.64,513,2.94,268,3.74,727,4.12,782,2.56
8440217119,607,1.75,853,2.66,176,4.95,754,1.02,532,2.27
7356091060,228,1.77,862,4.67,546,2.83,485,2.75,176,3.25
7517957720,995,4.32,833,1.58,642,1.80,792,2.93,691,4.73
9476821541,14,1.78,565,1.71,592,1.77,212,1.87,270,4.30
8423714201,428,3.86,161,1.52,172,1.32,796,4.41,265,2.03
8428974010,691,1.13,297,5.00,241,3.14,8,3.10,308,3.46
9363334293,778,3.98,198,1.84,301,3.75,435,3.09,470,1.97
9529665678,200,2.61,655,3.00,282,4.63,750,2.36,429,4.11
8272122748,382,1.29,897,2.43,173,1.25,935,4.63,271,4.47
8551516966,965,2.67,318,2.45,870,4.94,507,1.84,670,3.44
8040205446,645,3.73,649,4.31,964,2.26,425,2.13,916,3.78
7330836074,502,1.28,142,4.32,205,4.50,277,2.96,91,4.58
7322617663,186,3.77,502,2.89,588,3.17,587,2.47,947,2.48
9629108245,718,1.23,394,4.86,63,4.72,61,2.51,933,2.71
7216376960,120,2.06,216,3.33,522,4.41,741,2.15,644,2.00
9537332499,950,2.29,911,2.96,309,4.76,471,3.92,873,1.13
7768786123,532,3.98,959,1.70,787,2.22,374,4.97,671,3.00
8846322638,93,3.21,270,1.64,644,4.73,19,1.04,131,1.34
8803438507,782,4.35,913,4.16,494,2.95,242,3.87,696,3.12
8133230693,295,3.43,963,2.53,646,2.61,754,4.82,728,4.40
8607517342,69,1.88,684,2.00,847,4.29,474,2.12,870,3.51
9592414639,382,3.18,214,1.72,660,1.69,177,3.84,211,4.65
9559650147,588,4.76,265,3.95,190,2.63,471,2.78,358,4.77
8295129052,550,2.73,239,1.62,184,2.57,182,2.04,918,4.55
8940212200,690,2.65,162,4.22,499,2.28,10,2.92,575,4.48
8175223954,896,3.62,755,2.71,186,2.64,349,4.91,297,3.07
7192302107,685,3.27,485,3.40,711,4.73,677,2.33,358,4.67
8308517515,47,4.03,9,3.91,237,2.64,68,4.60,798,5.00
9174919991,320,4.74,2,3.73,397,3.63,640,3.48,94,4.27
7740837391,472,1.87,874,1.23,398,3.86,811,2.11,621,4.87
7905491186,502,1.27,616,2.27,603,4.96,821,3.40,736,3.46
8201245899,80,3.54,415,2.38,599,3.32,415,2.93,949,2.06
7939073839,555,3.90,287,4.83,134,2.66,735,1.01,703,4.31
7542523936,336,1.19,844,3.20,601,1.89,307,1.30,324,4.93
7602490419,115,3.66,132,1.10,133,4.92,589,2.35,904,3.45
9393973630,471,4.85,984,2.83,715,3.01,498,2.00,520,3.80
7951044656,833,3.81,372,3.88,615,4.45,796,4.17,512,1.26
7895676164,277,3.85,194,2.30,183,2.52,589,2.49,598,1.45
9689569282,182,4.91,776,4.10,492,2.31,677,2.73,651,2.55
7196779062,656,2.89,207,1.38,456,4.37,159,3.19,836,2.75
8906076811,6,4.95,517,3.12,718,3.97,989,3.70,871,3.78
9859737610,334,1.30,486,3.35,684,2.74,696,2.86,861,1.41
8069233974,941,1.00,654,3.66,436,2.17,875,2.93,128,3.60
8658088278,91,2.27,510,3.25,359,4.87,672,4.43,640,1.73
7919355204,460,4.60,10,2.09,350,1.18,968,3.90,1,4.71
8645919759,460,1.27,875,4.62,461,1.63,415,4.66,939,5.00
8147572994,70,2.80,856,3.54,126,4.27,713,2.96,77,4.27
9696138075,91,4.37,205,3.40,383,2.21,242,1.09,503,1.47
7228027668,206,1.49,661,2.16,325,1.77,351,4.72,699,4.26
9091220049,862,4.80,656,2.10,630,1.07,649,4.84,438,3.65
7753677446,389,2.73,118,2.90,193,2.90,692,2.48,824,1.81
9694715234,420,2.83,239,2.34,535,1.87,475,2.92,283,3.21
7444638722,537,3.85,830,4.95,692,2.28,516,1.11,310,1.04
7541916292,986,3.17,243,3.54,263,2.31,637,4.53,784,3.95
7895531515,718,4.16,303,4.61,298,4.20,367,3.47,804,3.68
7556068627,216,3.65,841,3.70,936,3.38,404,3.72,676,1.03
8172752218,196,4.68,362,2.39,407,3.27,607,3.45,310,4.47
8611356169,338,1.65,310,1.36,39,1.27,243,1.17,641,2.13
9291119653,382,3.61,710,3.70,710,3.35,800,3.50,635,4.49
8131261172,75,3.55,391,4.93,169,2.70,896,4.93,222,3.07
9416047116,162,4.76,93,1.05,497,3.27,884,3.61,192,3.45
7615618272,606,2.07,29,2.27,799,2.63,757,3.30,632,3.22
9983541153,133,1.10,493,1.46,659,4.71,167,3.07,22,2.30
9440608305,396,4.96,80,1.59,972,1.15,535,3.87,315,2.29
9733154303,470,1.23,803,4.48,118,3.16,824,4.46,512,2.84
7661790005,807,1.02,627,4.64,728,1.49,932,4.98,610,3.78
8846141843,522,2.60,697,3.26,496,1.16,509,2.95,990,4.45
8096811345,299,3.08,224,2.76,646,4.44,292,1.88,85,2.21
7724565389,703,4.39,784,2.24,132,3.78,608,3.44,267,4.56
8038620230,378,1.90,711,3.47,105,2.79,199,1.79,913,2.17
7289009110,986,4.11,690,3.17,926,1.85,932,4.92,252,2.35
9995383063,707,1.47,281,3.89,701,4.07,592,4.85,206,3.97
9123739222,47,2.47,392,3.37,124,4.38,897,2.03,974,2.95
9380390396,449,3.53,70,4.03,837,1.20,273,3.33,313,1.32
8030371236,162,3.29,7,3.94,830,2.55,748,2.10,671,3.13
8208678326,427,1.69,923,4.63,641,2.80,579,1.67,974,2.22
9164660204,55,3.02,241,4.90,973,2.67,38,1.65,129,1.11
8511033093,751,1.30,905,2.06,240,1.61,618,2.18,616,1.93
8975109195,198,2.02,868,1.07,449,1.81,334,1.91,162,3.57
8742093481,300,1.36,744,4.14,907,2.38,692,3.01,242,2.40
9840180411,523,4.63,940,3.29,403,2.11,90,3.84,889,3.99
7219200062,855,2.01,724,1.45,744,1.09,450,4.35,135,1.05
8998774535,102,3.99,913,1.65,948,3.11,741,2.07,482,4.45
7954334411,767,4.11,421,3.24,363,1.18,854,3.85,24,4.65
7809533127,115,1.71,503,1.27,131,1.26,319,1.31,189,4.77
7021215910,700,2.12,301,1.45,535,2.29,271,3.01,459,4.03
8119003578,363,4.60,890,4.73,635,4.25,308,4.72,730,4.53
8450947699,427,1.89,430,3.78,856,2.15,882,2.24,877,1.03
9614108318,621,2.07,831,3.97,528,4.75,64,3.67,619,2.42
8474957621,635,4.47,465,2.28,272,1.27,107,2.66,268,2.81
8395977046,397,3.32,346,3.82,343,4.13,800,2.87,545,2.26
9058281093,410,3.14,635,1.02,736,4.46,935,3.76,374,1.28
9984266776,22,1.85,919,2.93,922,4.66,97,2.46,759,1.02
9114073579,403,1.44,650,3.08,395,1.59,930,1.52,113,2.36
9289581057,561,1.72,564,4.42,752,2.15,853,2.42,281,2.65
8367363300,662,1.15,345,4.99,368,1.38,85,2.15,251,3.80
7704869994,720,3.70,671,3.79,947,2.01,897,1.22,838,2.58
9759971526,803,1.43,400,3.29,699,3.84,969,1.16,395,2.44
8696464380,778,3.41,301,2.97,678,2.48,731,3.99,692,3.28
8408231441,465,2.18,644,4.71,3,3.77,338,3.42,75,1.09
7949960987,612,4.79,475,2.27,576,3.07,469,1.26,869,2.08
7488602494,971,4.72,315,3.22,141,4.28,849,1.37,982,2.45
8000651795,19,1.07,46,2.30,578,4.28,672,1.62,873,2.73
8198528969,776,1.73,120,1.47,572,1.78,712,2.17,493,2.30
7579168338,876,2.37,930,2.16,742,2.09,592,2.97,658,2.43
9016613494,481,3.55,125,4.92,79,1.77,786,3.11,183,2.44
9201969481,184,4.71,873,3.86,812,4.17,347,4.69,489,3.72
9400263472,220,2.46,277,2.72,247,1.97,162,3.26,417,4.13
8576731129,627,1.62,371,2.12,677,3.31,672,3.13,326,3.97
7738652463,742,2.44,854,3.20,417,4.89,284,3.62,27,2.12
7458610774,136,2.51,116,1.98,422,2.21,185,2.23,565,4.02
8631458826,808,4.15,251,1.01,834,2.53,470,3.49,705,2.80
8110027089,836,3.44,79,2.85,382,3.88,560,2.18,242,4.39
8929255254,387,3.69,284,1.86,346,4.08,48,4.54,64,5.00
9359244916,911,2.29,402,2.17,440,3.38,606,1.73,352,1.42
8196266619,731,1.23,637,3.42,354,1.99,418,4.71,188,4.21
9973793506,152,2.96,335,3.42,850,4.31,6,3.99,510,1.59
9638395832,603,3.98,169,2.92,642,2.92,57,3.07,139,3.38
9098243084,380,2.93,818,2.88,12,3.99,408,3.80,33,3.95
7889000270,795,4.21,522,1.91,366,1.74,824,2.73,113,3.10
8848663436,528,2.36,699,4.47,963,2.32,615,3.89,408,1.26
7007774772,635,1.13,918,1.99,736,3.39,25,1.04,834,1.38
8191471574,870,1.83,222,4.81,841,1.11,851,2.76,298,1.56
9476463017,334,2.69,49,4.17,889,4.04,278,1.59,347,2.37
8125127398,792,2.85,169,4.93,182,2.70,496,1.63,412,3.94
9981943532,882,2.81,694,3.62,6,1.17,679,3.95,573,1.76
7324274573,536,1.74,961,4.98,735,4.25,190,4.44,57,4.39
9446133037,690,4.07,100,1.20,998,3.80,652,3.55,901,1.19
9957472271,555,1.35,99,4.00,439,4.81,935,1.05,721,3.14
8304803446,337,2.30,130,3.60,996,3.77,598,2.80,541,3.61
7782435053,466,1.07,540,1.80,253,1.44,674,1.30,795,1.99
7533119977,582,3.78,925,1.27,404,1.62,739,2.32,638,1.25
7302852081,101,2.71,42,1.10,879,2.57,801,3.06,402,3.34
7514785566,283,3.12,143,2.16,528,1.63,522,4.86,927,2.86
8098023262,831,4.91,978,2.29,755,1.04,313,2.27,369,2.50
9601327740,950,3.20,807,4.67,643,2.59,562,3.99,217,1.73
8381993519,164,3.14,899,3.43,333,4.62,527,3.72,572,3.51
7126409679,495,3.68,529,1.03,903,2.96,393,4.05,170,4.46
9036657792,575,2.96,910,3.71,343,3.31,878,3.22,230,4.13
9867952992,111,4.82,75,2.61,664,2.30,231,4.99,621,2.24
7335118980,721,1.43,15,3.97,671,3.16,848,2.05,245,4.83
7031498041,368,1.64,304,2.39,659,4.48,534,3.18,165,4.31
7693748076,410,1.61,659,2.79,480,1.13,962,1.55,367,4.12
9863851254,299,3.19,74,4.82,924,2.42,394,1.74,855,2.41
7852101821,209,3.86,127,1.43,445,1.50,669,3.34,748,2.40
7091785131,704,3.15,3,4.50,580,2.83,711,4.77,646,3.83
9431985490,157,2.30,838,2.69,303,1.92,72,2.88,486,3.37
9030398466,930,2.91,912,1.29,312,3.43,637,3.22,627,3.45
8146704165,793,1.41,305,3.12,439,2.73,712,4.64,848,1.55
8498349442,102,2.87,385,2.07,933,4.62,15,4.61,202,1.05
9578529209,680,3.42,235,1.04,899,4.00,53,1.24,184,1.85
7394958940,170,4.32,58,4.54,483,2.88,397,3.14,116,2.09
7546131296,607,2.89,280,4.13,47,3.32,847,2.09,984,4.53
7834339291,155,1.59,265,4.40,113,2.28,767,2.77,620,3.40
7749778838,957,3.98,985,3.07,59,1.69,358,2.77,145,1.21
7560229307,637,2.21,124,3.97,445,4.63,243,4.91,143,4.55
8410565244,79,4.86,793,1.79,598,4.49,233,4.84,250,2.24
9799956424,932,1.65,410,4.98,179,3.34,935,4.24,534,3.86
8821071984,24,4.10,338,1.27,287,2.24,918,4.30,631,3.55
9591323867,323,4.04,444,4.64,463,1.53,577,2.10,338,4.76
7513900031,768,3.89,889,4.98,58,2.74,680,1.29,14,2.66
7359220646,426,4.83,723,1.85,968,2.39,721,2.06,564,3.66
7472861177,844,2.80,493,3.54,83,2.81,653,2.84,784,4.78
7427633145,61,3.10,229,4.06,629,3.06,117,1.72,124,4.42
9798640028,333,2.01,262,2.97,705,2.60,871,4.27,344,4.84
9708440605,936,2.98,168,4.38,767,1.47,317,4.82,421,1.33
7164030576,361,1.96,316,1.18,760,4.75,873,1.44,499,1.55
8704549086,133,3.17,426,1.26,670,4.30,722,2.75,611,1.38
9403157751,532,4.87,72,3.66,721,3.01,332,2.94,596,3.92
9979245347,597,3.96,134,3.57,715,1.93,18,3.63,668,1.18
8604051983,240,2.91,920,4.93,331,3.36,109,1.28,906,4.13
9417828437,828,4.00,588,1.80,830,1.64,407,3.48,726,1.61
7255422646,416,1.51,875,3.64,810,2.23,303,2.04,847,2.13
8088645787,503,1.26,209,3.84,428,3.75,148,2.38,117,3.06
7613487849,92,2.79,411,2.15,212,4.31,125,3.52,719,4.36
8113405082,61,2.07,350,3.04,908,1.89,610,3.99,161,3.51
8661350568,79,3.30,557,2.10,256,2.85,906,2.30,41,1.27
7965261248,141,3.90,563,3.12,538,1.17,519,4.40,35,4.36
9263880174,181,2.75,290,1.51,788,2.98,146,4.94,967,4.92
9409131183,356,2.23,330,1.10,777,3.96,73,3.35,970,3.65
7645793090,639,4.83,402,3.04,52,3.73,248,4.56,1,1.49
7317994761,80,4.79,394,1.39,98,4.63,363,1.23,655,2.28
7503947201,890,1.40,306,4.19,94,3.85,558,4.52,894,1.03
7549248124,798,4.49,549,2.16,985,1.85,882,3.86,910,2.76
8143934259,331,2.40,722,3.59,8,2.41,344,1.52,714,4.03
9426748658,134,2.38,154,2.44,67,4.06,950,2.71,672,1.31
8814220433,478,3.60,756,1.98,125,2.19,610,3.38,26,2.87
7321216989,774,3.53,701,1.24,245,2.11,538,3.88,827,3.16
9051053117,849,2.83,665,3.11,974,4.88,41,1.54,510,4.66
9079920819,457,3.64,497,2.94,335,1.28,366,4.21,683,3.71
8416251014,865,3.72,529,3.37,572,3.27,881,1.03,690,3.97
7113307431,585,3.35,841,1.21,909,2.55,99,1.70,715,2.13
8430930625,351,4.37,103,4.88,578,4.25,289,2.45,44,1.45
7767188208,257,1.20,182,3.71,989,4.70,127,3.92,795,2.25
7874125047,505,3.77,378,1.88,968,3.23,535,4.37,502,1.59
9454450229,267,2.49,347,1.36,769,3.31,766,1.82,231,2.85
9736312993,754,4.28,746,2.87,107,3.15,443,1.97,227,1.67
7454549311,117,2.80,350,3.11,776,4.03,610,4.32,843,2.81
8082056756,583,3.44,226,1.83,546,4.85,633,2.41,587,4.49
9505009816,202,2.31,211,1.86,740,3.02,465,4.19,782,1.07
9632573525,221,4.85,889,3.50,454,3.46,463,4.39,494,1.43
9686169889,101,3.79,924,1.60,978,4.17,504,4.53,923,2.11
7787869844,82,4.27,504,1.72,294,2.48,20,1.12,554,4.18
9628168121,343,3.79,15,3.86,284,1.37,271,1.82,514,3.27
7330711350,984,2.61,408,4.99,256,4.15,183,4.28,62,4.82
7039309484,122,2.74,51,3.32,147,2.08,721,3.71,214,2.30
7223361255,458,3.29,792,4.45,24,3.18,556,1.46,502,2.84
7089108485,147,3.20,160,1.37,635,2.52,745,1.18,754,4.47
7918918672,904,2.32,924,2.01,613,4.86,13,1.01,51,2.25
9846510045,271,1.17,821,1.75,413,3.66,509,4.45,275,1.51
9532713545,987,4.11,287,4.61,416,4.47,717,4.93,563,4.26
8410016644,536,2.27,184,2.56,183,2.96,542,4.93,781,3.43
8690927090,393,2.58,274,4.38,56,2.05,746,2.51,648,4.68
9840199659,60,1.20,710,1.26,321,2.57,677,1.90,292,4.13
9723749542,3,2.87,869,3.99,367,1.73,828,3.68,766,2.79
8157819087,480,1.19,246,2.94,562,4.01,833,1.34,974,1.44
9005208507,614,4.65,675,3.45,625,1.23,352,2.35,676,3.42
7220508240,795,4.20,444,3.67,402,3.95,188,1.80,970,4.05
8045985472,581,3.17,784,3.51,107,3.51,445,1.55,232,2.68
8816472049,24,3.84,122,1.69,314,2.74,408,1.93,689,4.28
8899147750,96,1.19,235,4.91,244,2.17,895,2.54,229,2.26
8944905724,536,2.37,258,1.65,934,4.97,535,3.38,34,2.57
8019169744,436,3.08,206,4.87,898,2.00,667,1.13,970,4.90
8873352391,845,1.91,278,1.87,184,3.44,519,1.69,430,3.89
7609797517,150,2.75,703,3.77,738,2.66,993,3.87,264,1.58
8436079405,333,4.14,753,1.92,609,1.20,642,3.83,533,3.97
7396460609,29,2.67,202,4.00,315,2.79,393,1.06,803,3.74
7115289375,676,1.15,865,3.71,387,1.32,811,1.49,169,4.93
9407799049,745,4.52,598,2.12,185,3.57,434,2.50,293,3.18
8678608778,722,3.40,794,2.33,46,4.74,215,2.61,437,4.86
8256946732,172,1.04,880,3.56,367,3.19,784,4.86,175,4.27
8180486341,168,2.31,708,1.58,430,2.83,914,4.92,867,3.00
8096345188,732,1.23,118,3.44,458,2.95,867,4.53,575,1.50
9726489349,676,3.56,175,3.60,377,1.07,775,4.31,186,2.05
7141102857,654,1.17,724,4.72,11,1.20,464,3.34,881,1.01
7421513187,30,2.21,629,4.04,321,3.99,522,3.19,565,1.76
9835896875,551,2.75,471,2.13,127,3.78,704,3.13,443,3.97
8811271176,450,4.22,995,1.75,350,4.46,824,4.19,189,1.03
8732996136,646,1.75,389,3.43,786,2.52,217,1.92,976,2.88
7584566662,530,1.38,683,1.42,239,1.25,64,2.50,583,1.46
7800048171,831,4.19,521,4.03,108,1.13,624,4.07,669,4.16
9346840237,66,3.61,961,4.24,654,1.19,833,1.20,457,3.94
8362970655,899,4.20,481,1.29,633,1.59,211,1.06,378,2.75
7780686570,686,1.74,138,2.46,11,2.34,269,1.28,704,4.38
9038799363,527,1.20,891,2.51,694,3.53,325,2.31,10,4.43
7564897703,356,2.64,69,1.65,440,2.11,44,4.53,844,1.07
7498607764,32,4.14,93,2.32,125,2.06,10,2.90,946,2.61
7992644005,723,2.71,280,2.31,966,1.53,232,1.75,393,3.57
7352429527,468,2.06,934,3.95,884,4.00,430,1.27,319,1.87
8307784337,798,1.53,363,3.94,221,3.94,250,4.64,581,2.74
7217424770,393,1.40,106,3.85,658,2.72,896,2.39,57,2.88
7239598483,642,1.36,384,1.51,12,4.71,798,1.38,389,2.37
9775958401,489,1.48,185,1.29,125,1.70,669,3.64,892,4.05
8503904473,583,4.92,758,3.20,627,2.83,56,4.69,78,1.54
7803543384,299,3.87,533,2.59,369,4.21,273,2.14,923,4.68
8503174410,969,2.84,416,4.26,988,2.89,358,2.54,274,1.16
8748554710,519,1.54,223,3.23,894,3.78,754,3.29,910,2.53
7954213962,633,4.59,95,1.88,716,1.55,288,1.31,201,3.97
7059715177,641,1.35,426,2.24,775,4.70,165,3.12,210,3.56
9245828456,33,4.68,316,1.57,670,1.40,366,3.92,814,4.83
7338128788,281,2.73,67,4.05,741,2.16,577,1.08,151,4.55
8688623479,524,1.49,904,2.40,798,3.91,529,4.70,465,3.32
9073663387,150,2.59,107,1.77,444,1.67,91,4.44,681,1.77
7713805630,326,3.46,931,1.62,964,1.35,197,2.04,188,1.32
7231438257,499,4.61,502,3.39,689,4.87,634,4.17,341,4.90
9744079180,510,2.28,605,3.16,970,3.57,989,1.03,873,2.80
8431086972,824,1.83,755,4.61,177,2.07,823,2.47,932,3.27
8065240229,815,1.10,943,2.87,158,2.79,139,4.47,414,2.84
7577792765,746,4.89,986,3.08,160,2.83,810,1.70,823,4.44
9294023252,126,2.12,46,2.83,840,3.15,153,1.04,333,2.86
7591737332,307,1.83,608,1.84,500,4.07,804,4.38,446,4.71
8078600620,259,1.47,355,2.30,283,3.97,626,1.09,572,2.01
8105005002,342,2.59,33,4.38,777,1.60,937,2.32,396,3.03
7999419838,55,2.87,650,3.95,127,4.58,921,3.81,876,3.68
9139042836,211,1.81,304,3.79,469,2.46,241,4.44,516,4.58
8519331925,867,4.55,381,4.31,944,4.24,39,4.85,634,4.67
8509562091,931,4.05,200,2.59,743,4.81,742,4.49,496,3.72
9427417732,234,4.40,582,3.71,101,4.57,216,1.65,143,2.69
7121909721,676,3.43,129,3.01,63,3.15,149,4.21,787,1.73
9406784785,901,2.80,833,4.66,182,2.93,640,2.56,13,1.44
9196241839,656,3.34,105,4.60,631,1.16,112,3.10,117,1.66
8702862150,395,4.29,662,4.96,77,2.33,219,1.13,809,4.24
7641220562,681,4.90,197,1.06,685,4.74,857,2.77,456,3.44
7868901033,20,4.99,303,1.02,197,3.81,506,1.08,125,1.86
7447063820,35,1.97,87,4.05,784,3.47,788,1.22,95,4.63
8545575219,498,1.50,981,1.31,408,3.36,748,4.07,945,3.20
8817431953,861,2.63,824,4.10,542,2.49,760,4.35,368,4.29
9096667405,479,2.12,752,2.35,44,3.43,505,3.44,590,3.29
7196143836,982,1.47,415,2.01,681,1.56,916,4.55,663,4.80
7041752963,773,1.33,423,3.30,691,4.18,436,1.58,502,1.55
8178268071,871,4.44,616,1.65,918,2.88,309,3.40,571,2.01
9640380891,504,2.77,334,2.90,593,2.87,680,2.21,864,4.13
7055907998,584,3.56,207,1.57,933,3.76,70,1.45,431,2.46
8271989496,318,3.30,543,1.67,142,4.28,701,3.01,366,1.87
9293519597,552,3.64,47,3.58,612,1.87,545,4.41,58,1.47
7387307893,415,2.35,517,2.92,370,3.43,602,2.81,406,3.81
7501277243,531,1.69,420,2.32,799,2.61,651,4.11,154,3.35
8586951483,461,3.17,534,4.56,347,3.79,694,2.84,722,2.70